"sep=,"
Version CSV3|Tool WebUI|Linebreaks CR/LF|Delimiter comma,,,,,,
,,,,,,
,SB6.0-1SP-US-40 364,SB6.0-1SP-US-40 364,SB6.0-1SP-US-40 364,SB6.0-1SP-US-40 364,SB6.0-1SP-US-40 364,SB6.0-1SP-US-40 364
,Sunny Boy 6.0,Sunny Boy 6.0,Sunny Boy 6.0,Sunny Boy 6.0,Sunny Boy 6.0,Sunny Boy 6.0
,1990031364,1990031364,1990031364,1990031364,1990031364,1990031364
,Metering.TotWhOut,Metering.GridMs.TotWhOut,Metering.GridMs.AbsWhOut,Metering.GridMs.TotWhIn,Metering.GridMs.AbsWhIn,Metering.TotS0
,Analog,Analog,Analog,Analog,Analog,Analog
DD.MM.YYYY hh:mm:ss,[Wh],[Wh],[Wh],[Wh],[Wh],
14.06.2018 01:00:00,0,NaN,NaN,NaN,NaN,0
15.06.2018 01:00:00,3053,NaN,NaN,NaN,NaN,0
16.06.2018 01:00:00,8110,NaN,NaN,NaN,NaN,0
17.06.2018 01:00:00,26561,NaN,NaN,NaN,NaN,0
18.06.2018 01:00:00,43441,NaN,NaN,NaN,NaN,0
19.06.2018 01:00:00,70833,NaN,NaN,NaN,NaN,0
20.06.2018 01:00:00,84447,NaN,NaN,NaN,NaN,0
21.06.2018 01:00:00,103991,NaN,NaN,NaN,NaN,0
22.06.2018 01:00:00,137450,NaN,NaN,NaN,NaN,0
23.06.2018 01:00:00,173429,NaN,NaN,NaN,NaN,0
24.06.2018 01:00:00,207733,NaN,NaN,NaN,NaN,0
25.06.2018 01:00:00,242796,NaN,NaN,NaN,NaN,0
26.06.2018 01:00:00,277785,NaN,NaN,NaN,NaN,0
27.06.2018 01:00:00,312742,NaN,NaN,NaN,NaN,0
28.06.2018 01:00:00,347970,NaN,NaN,NaN,NaN,0
29.06.2018 01:00:00,383419,NaN,NaN,NaN,NaN,0
30.06.2018 01:00:00,418824,NaN,NaN,NaN,NaN,0
01.07.2018 01:00:00,453620,NaN,NaN,NaN,NaN,0
02.07.2018 01:00:00,489508,NaN,NaN,NaN,NaN,0
03.07.2018 01:00:00,526505,NaN,NaN,NaN,NaN,0
04.07.2018 01:00:00,563361,NaN,NaN,NaN,NaN,0
05.07.2018 01:00:00,600780,NaN,NaN,NaN,NaN,0
06.07.2018 01:00:00,637415,NaN,NaN,NaN,NaN,0
07.07.2018 01:00:00,667988,NaN,NaN,NaN,NaN,0
08.07.2018 01:00:00,702338,NaN,NaN,NaN,NaN,0
09.07.2018 01:00:00,732518,NaN,NaN,NaN,NaN,0
10.07.2018 01:00:00,766881,NaN,NaN,NaN,NaN,0
11.07.2018 01:00:00,796190,NaN,NaN,NaN,NaN,0
12.07.2018 01:00:00,821543,NaN,NaN,NaN,NaN,0
13.07.2018 01:00:00,852020,NaN,NaN,NaN,NaN,0
14.07.2018 01:00:00,881548,NaN,NaN,NaN,NaN,0
15.07.2018 01:00:00,912957,NaN,NaN,NaN,NaN,0
16.07.2018 01:00:00,937507,NaN,NaN,NaN,NaN,0
17.07.2018 01:00:00,956043,NaN,NaN,NaN,NaN,0
18.07.2018 01:00:00,981946,NaN,NaN,NaN,NaN,0
19.07.2018 01:00:00,1013071,NaN,NaN,NaN,NaN,0
20.07.2018 01:00:00,1045778,NaN,NaN,NaN,NaN,0
21.07.2018 01:00:00,1081264,NaN,NaN,NaN,NaN,0
22.07.2018 01:00:00,1110761,NaN,NaN,NaN,NaN,0
23.07.2018 01:00:00,1142765,NaN,NaN,NaN,NaN,0
24.07.2018 01:00:00,1165481,NaN,NaN,NaN,NaN,0
25.07.2018 01:00:00,1197844,NaN,NaN,NaN,NaN,0
26.07.2018 01:00:00,1233155,NaN,NaN,NaN,NaN,0
27.07.2018 01:00:00,1268120,NaN,NaN,NaN,NaN,0
28.07.2018 01:00:00,1300839,NaN,NaN,NaN,NaN,0
29.07.2018 01:00:00,1333603,NaN,NaN,NaN,NaN,0
30.07.2018 01:00:00,1353847,NaN,NaN,NaN,NaN,0
31.07.2018 01:00:00,1383649,NaN,NaN,NaN,NaN,0
01.08.2018 01:00:00,1412625,NaN,NaN,NaN,NaN,0
02.08.2018 01:00:00,1444515,NaN,NaN,NaN,NaN,0
03.08.2018 01:00:00,1478374,NaN,NaN,NaN,NaN,0
04.08.2018 01:00:00,1510955,NaN,NaN,NaN,NaN,0
05.08.2018 01:00:00,1539749,NaN,NaN,NaN,NaN,0
06.08.2018 01:00:00,1570628,NaN,NaN,NaN,NaN,0
07.08.2018 01:00:00,1597735,NaN,NaN,NaN,NaN,0
08.08.2018 01:00:00,1625183,NaN,NaN,NaN,NaN,0
09.08.2018 01:00:00,1658953,NaN,NaN,NaN,NaN,0
10.08.2018 01:00:00,1693464,NaN,NaN,NaN,NaN,0
11.08.2018 01:00:00,1725652,NaN,NaN,NaN,NaN,0
12.08.2018 01:00:00,1756437,NaN,NaN,NaN,NaN,0
13.08.2018 01:00:00,1787176,NaN,NaN,NaN,NaN,0
14.08.2018 01:00:00,1818183,NaN,NaN,NaN,NaN,0
15.08.2018 01:00:00,1851352,NaN,NaN,NaN,NaN,0
16.08.2018 01:00:00,1883260,NaN,NaN,NaN,NaN,0
17.08.2018 01:00:00,1915389,NaN,NaN,NaN,NaN,0
18.08.2018 01:00:00,1944802,NaN,NaN,NaN,NaN,0
19.08.2018 01:00:00,1960123,NaN,NaN,NaN,NaN,0
20.08.2018 01:00:00,1987650,NaN,NaN,NaN,NaN,0
21.08.2018 01:00:00,2013560,NaN,NaN,NaN,NaN,0
22.08.2018 01:00:00,2043570,NaN,NaN,NaN,NaN,0
23.08.2018 01:00:00,2075934,NaN,NaN,NaN,NaN,0
24.08.2018 01:00:00,2108011,NaN,NaN,NaN,NaN,0
25.08.2018 01:00:00,2121914,NaN,NaN,NaN,NaN,0
26.08.2018 01:00:00,2140694,NaN,NaN,NaN,NaN,0
27.08.2018 01:00:00,2173029,NaN,NaN,NaN,NaN,0
28.08.2018 01:00:00,2204595,NaN,NaN,NaN,NaN,0
29.08.2018 01:00:00,2223238,NaN,NaN,NaN,NaN,0
30.08.2018 01:00:00,2253252,NaN,NaN,NaN,NaN,0
31.08.2018 01:00:00,2283665,NaN,NaN,NaN,NaN,0
01.09.2018 01:00:00,2317482,NaN,NaN,NaN,NaN,0
02.09.2018 01:00:00,2349817,NaN,NaN,NaN,NaN,0
03.09.2018 01:00:00,2381788,NaN,NaN,NaN,NaN,0
04.09.2018 01:00:00,2407735,NaN,NaN,NaN,NaN,0
05.09.2018 01:00:00,2422624,NaN,NaN,NaN,NaN,0
06.09.2018 01:00:00,2449807,NaN,NaN,NaN,NaN,0
07.09.2018 01:00:00,2476522,NaN,NaN,NaN,NaN,0
08.09.2018 01:00:00,2498131,NaN,NaN,NaN,NaN,0
09.09.2018 01:00:00,2517151,NaN,NaN,NaN,NaN,0
10.09.2018 01:00:00,2542327,NaN,NaN,NaN,NaN,0
11.09.2018 01:00:00,2574628,NaN,NaN,NaN,NaN,0
12.09.2018 01:00:00,2606708,NaN,NaN,NaN,NaN,0
13.09.2018 01:00:00,2637966,NaN,NaN,NaN,NaN,0
14.09.2018 01:00:00,2670678,NaN,NaN,NaN,NaN,0
15.09.2018 01:00:00,2702498,NaN,NaN,NaN,NaN,0
16.09.2018 01:00:00,2734817,NaN,NaN,NaN,NaN,0
17.09.2018 01:00:00,2767811,NaN,NaN,NaN,NaN,0
18.09.2018 01:00:00,2799800,NaN,NaN,NaN,NaN,0
19.09.2018 01:00:00,2829258,NaN,NaN,NaN,NaN,0
20.09.2018 01:00:00,2860201,NaN,NaN,NaN,NaN,0
21.09.2018 01:00:00,2889919,NaN,NaN,NaN,NaN,0
22.09.2018 01:00:00,2920801,NaN,NaN,NaN,NaN,0
23.09.2018 01:00:00,2927706,NaN,NaN,NaN,NaN,0
24.09.2018 01:00:00,2959189,NaN,NaN,NaN,NaN,0
25.09.2018 01:00:00,2990741,NaN,NaN,NaN,NaN,0
26.09.2018 01:00:00,3018821,NaN,NaN,NaN,NaN,0
27.09.2018 01:00:00,3045354,NaN,NaN,NaN,NaN,0
28.09.2018 01:00:00,3069775,NaN,NaN,NaN,NaN,0
29.09.2018 01:00:00,3100350,NaN,NaN,NaN,NaN,0
30.09.2018 01:00:00,3131664,NaN,NaN,NaN,NaN,0
01.10.2018 01:00:00,3163035,NaN,NaN,NaN,NaN,0
02.10.2018 01:00:00,3194067,NaN,NaN,NaN,NaN,0
03.10.2018 01:00:00,3223394,NaN,NaN,NaN,NaN,0
04.10.2018 01:00:00,3249712,NaN,NaN,NaN,NaN,0
05.10.2018 01:00:00,3258369,NaN,NaN,NaN,NaN,0
06.10.2018 01:00:00,3266011,NaN,NaN,NaN,NaN,0
07.10.2018 01:00:00,3283849,NaN,NaN,NaN,NaN,0
08.10.2018 01:00:00,3300636,NaN,NaN,NaN,NaN,0
09.10.2018 01:00:00,3314411,NaN,NaN,NaN,NaN,0
10.10.2018 01:00:00,3328279,NaN,NaN,NaN,NaN,0
11.10.2018 01:00:00,3338620,NaN,NaN,NaN,NaN,0
12.10.2018 01:00:00,3359337,NaN,NaN,NaN,NaN,0
13.10.2018 01:00:00,3383184,NaN,NaN,NaN,NaN,0
14.10.2018 01:00:00,3400516,NaN,NaN,NaN,NaN,0
15.10.2018 01:00:00,3406793,NaN,NaN,NaN,NaN,0
16.10.2018 01:00:00,3432881,NaN,NaN,NaN,NaN,0
17.10.2018 01:00:00,3461870,NaN,NaN,NaN,NaN,0
18.10.2018 01:00:00,3488221,NaN,NaN,NaN,NaN,0
19.10.2018 01:00:00,3517490,NaN,NaN,NaN,NaN,0
20.10.2018 01:00:00,3545330,NaN,NaN,NaN,NaN,0
21.10.2018 01:00:00,3555103,NaN,NaN,NaN,NaN,0
22.10.2018 01:00:00,3568100,NaN,NaN,NaN,NaN,0
23.10.2018 01:00:00,3595673,NaN,NaN,NaN,NaN,0
24.10.2018 01:00:00,3622551,NaN,NaN,NaN,NaN,0
25.10.2018 01:00:00,3649418,NaN,NaN,NaN,NaN,0
26.10.2018 01:00:00,3675784,NaN,NaN,NaN,NaN,0
27.10.2018 01:00:00,3687766,NaN,NaN,NaN,NaN,0
28.10.2018 01:00:00,3709295,NaN,NaN,NaN,NaN,0
29.10.2018 01:00:00,3728778,NaN,NaN,NaN,NaN,0
30.10.2018 01:00:00,3754173,NaN,NaN,NaN,NaN,0
31.10.2018 01:00:00,3780306,NaN,NaN,NaN,NaN,0
01.11.2018 01:00:00,3805825,NaN,NaN,NaN,NaN,0
02.11.2018 01:00:00,3827488,NaN,NaN,NaN,NaN,0
03.11.2018 01:00:00,3837038,NaN,NaN,NaN,NaN,0
04.11.2018 01:00:00,3863010,NaN,NaN,NaN,NaN,0
05.11.2018 00:00:00,3887444,NaN,NaN,NaN,NaN,0
06.11.2018 00:00:00,3912874,NaN,NaN,NaN,NaN,0
07.11.2018 00:00:00,3938652,NaN,NaN,NaN,NaN,0
08.11.2018 00:00:00,3956082,NaN,NaN,NaN,NaN,0
09.11.2018 00:00:00,3981369,NaN,NaN,NaN,NaN,0
10.11.2018 00:00:00,4006676,NaN,NaN,NaN,NaN,0
11.11.2018 00:00:00,4031228,NaN,NaN,NaN,NaN,0
12.11.2018 00:00:00,4056886,NaN,NaN,NaN,NaN,0
13.11.2018 00:00:00,4081856,NaN,NaN,NaN,NaN,0
14.11.2018 00:00:00,4106495,NaN,NaN,NaN,NaN,0
15.11.2018 00:00:00,4129629,NaN,NaN,NaN,NaN,0
16.11.2018 00:00:00,4151431,NaN,NaN,NaN,NaN,0
17.11.2018 00:00:00,4176289,NaN,NaN,NaN,NaN,0
18.11.2018 00:00:00,4200371,NaN,NaN,NaN,NaN,0
19.11.2018 00:00:00,4224436,NaN,NaN,NaN,NaN,0
20.11.2018 00:00:00,4247733,NaN,NaN,NaN,NaN,0
21.11.2018 00:00:00,4271029,NaN,NaN,NaN,NaN,0
22.11.2018 00:00:00,4294837,NaN,NaN,NaN,NaN,0
23.11.2018 00:00:00,4318490,NaN,NaN,NaN,NaN,0
24.11.2018 00:00:00,4341780,NaN,NaN,NaN,NaN,0
25.11.2018 00:00:00,4365141,NaN,NaN,NaN,NaN,0
26.11.2018 00:00:00,4370186,NaN,NaN,NaN,NaN,0
27.11.2018 00:00:00,4390969,NaN,NaN,NaN,NaN,0
28.11.2018 00:00:00,4412993,NaN,NaN,NaN,NaN,0
29.11.2018 00:00:00,4435733,NaN,NaN,NaN,NaN,0
30.11.2018 00:00:00,4458332,NaN,NaN,NaN,NaN,0
01.12.2018 00:00:00,4477850,NaN,NaN,NaN,NaN,0
02.12.2018 00:00:00,4495343,NaN,NaN,NaN,NaN,0
03.12.2018 00:00:00,4512151,NaN,NaN,NaN,NaN,0
04.12.2018 00:00:00,4522474,NaN,NaN,NaN,NaN,0
05.12.2018 00:00:00,NaN,NaN,NaN,NaN,NaN,0
06.12.2018 00:00:00,4535160,NaN,NaN,NaN,NaN,0
07.12.2018 00:00:00,4543347,NaN,NaN,NaN,NaN,0
08.12.2018 00:00:00,4554969,NaN,NaN,NaN,NaN,0
09.12.2018 00:00:00,4572164,NaN,NaN,NaN,NaN,0
10.12.2018 00:00:00,4575706,NaN,NaN,NaN,NaN,0
11.12.2018 00:00:00,4585782,NaN,NaN,NaN,NaN,0
12.12.2018 00:00:00,4605244,NaN,NaN,NaN,NaN,0
13.12.2018 00:00:00,4625029,NaN,NaN,NaN,NaN,0
14.12.2018 00:00:00,4643643,NaN,NaN,NaN,NaN,0
15.12.2018 00:00:00,4658111,NaN,NaN,NaN,NaN,0
16.12.2018 00:00:00,4671496,NaN,NaN,NaN,NaN,0
17.12.2018 00:00:00,4690060,NaN,NaN,NaN,NaN,0
18.12.2018 00:00:00,4706887,NaN,NaN,NaN,NaN,0
19.12.2018 00:00:00,4719409,NaN,NaN,NaN,NaN,0
20.12.2018 00:00:00,4737782,NaN,NaN,NaN,NaN,0
21.12.2018 00:00:00,4744927,NaN,NaN,NaN,NaN,0
22.12.2018 00:00:00,4762282,NaN,NaN,NaN,NaN,0
23.12.2018 00:00:00,4781023,NaN,NaN,NaN,NaN,0
24.12.2018 00:00:00,4799736,NaN,NaN,NaN,NaN,0
25.12.2018 00:00:00,4810836,NaN,NaN,NaN,NaN,0
26.12.2018 00:00:00,4827271,NaN,NaN,NaN,NaN,0
27.12.2018 00:00:00,4839782,NaN,NaN,NaN,NaN,0
28.12.2018 00:00:00,4857808,NaN,NaN,NaN,NaN,0
29.12.2018 00:00:00,4872033,NaN,NaN,NaN,NaN,0
30.12.2018 00:00:00,4880052,NaN,NaN,NaN,NaN,0
31.12.2018 00:00:00,4888817,NaN,NaN,NaN,NaN,0
01.01.2019 00:00:00,4889010,NaN,NaN,NaN,NaN,0
02.01.2019 00:00:00,4906822,NaN,NaN,NaN,NaN,0
03.01.2019 00:00:00,4926308,NaN,NaN,NaN,NaN,0
04.01.2019 00:00:00,4926578,NaN,NaN,NaN,NaN,0
05.01.2019 00:00:00,4933642,NaN,NaN,NaN,NaN,0
06.01.2019 00:00:00,4953729,NaN,NaN,NaN,NaN,0
07.01.2019 00:00:00,4974672,NaN,NaN,NaN,NaN,0
08.01.2019 00:00:00,4995146,NaN,NaN,NaN,NaN,0
09.01.2019 00:00:00,5007620,NaN,NaN,NaN,NaN,0
10.01.2019 00:00:00,5013888,NaN,NaN,NaN,NaN,0
11.01.2019 00:00:00,5018835,NaN,NaN,NaN,NaN,0
12.01.2019 00:00:00,5039112,NaN,NaN,NaN,NaN,0
13.01.2019 00:00:00,5050450,NaN,NaN,NaN,NaN,0
14.01.2019 00:00:00,5061283,NaN,NaN,NaN,NaN,0
15.01.2019 00:00:00,5077983,NaN,NaN,NaN,NaN,0
16.01.2019 00:00:00,5085143,NaN,NaN,NaN,NaN,0
17.01.2019 00:00:00,5091123,NaN,NaN,NaN,NaN,0
18.01.2019 00:00:00,5101522,NaN,NaN,NaN,NaN,0
19.01.2019 00:00:00,5113253,NaN,NaN,NaN,NaN,0
20.01.2019 00:00:00,5123472,NaN,NaN,NaN,NaN,0
21.01.2019 00:00:00,5139754,NaN,NaN,NaN,NaN,0
22.01.2019 00:00:00,5158294,NaN,NaN,NaN,NaN,0
23.01.2019 00:00:00,5181645,NaN,NaN,NaN,NaN,0
24.01.2019 00:00:00,5200281,NaN,NaN,NaN,NaN,0
25.01.2019 00:00:00,5207863,NaN,NaN,NaN,NaN,0
26.01.2019 00:00:00,5228064,NaN,NaN,NaN,NaN,0
27.01.2019 00:00:00,5250672,NaN,NaN,NaN,NaN,0
28.01.2019 00:00:00,5275168,NaN,NaN,NaN,NaN,0
29.01.2019 00:00:00,5293973,NaN,NaN,NaN,NaN,0
30.01.2019 00:00:00,5319393,NaN,NaN,NaN,NaN,0
31.01.2019 00:00:00,5337666,NaN,NaN,NaN,NaN,0
01.02.2019 00:00:00,5360370,NaN,NaN,NaN,NaN,0
02.02.2019 00:00:00,5377151,NaN,NaN,NaN,NaN,0
03.02.2019 00:00:00,5402923,NaN,NaN,NaN,NaN,0
04.02.2019 00:00:00,5428562,NaN,NaN,NaN,NaN,0
05.02.2019 00:00:00,5454063,NaN,NaN,NaN,NaN,0
06.02.2019 00:00:00,5462216,NaN,NaN,NaN,NaN,0
07.02.2019 00:00:00,5474078,NaN,NaN,NaN,NaN,0
08.02.2019 00:00:00,5483334,NaN,NaN,NaN,NaN,0
09.02.2019 00:00:00,5497352,NaN,NaN,NaN,NaN,0
10.02.2019 00:00:00,5511700,NaN,NaN,NaN,NaN,0
11.02.2019 00:00:00,5539353,NaN,NaN,NaN,NaN,0
12.02.2019 00:00:00,5567210,NaN,NaN,NaN,NaN,0
13.02.2019 00:00:00,5576274,NaN,NaN,NaN,NaN,0
14.02.2019 00:00:00,5604565,NaN,NaN,NaN,NaN,0
15.02.2019 00:00:00,5628339,NaN,NaN,NaN,NaN,0
16.02.2019 00:00:00,5653742,NaN,NaN,NaN,NaN,0
17.02.2019 00:00:00,5662304,NaN,NaN,NaN,NaN,0
18.02.2019 00:00:00,5664688,NaN,NaN,NaN,NaN,0
19.02.2019 00:00:00,5679374,NaN,NaN,NaN,NaN,0
20.02.2019 00:00:00,5698815,NaN,NaN,NaN,NaN,0
21.02.2019 00:00:00,5719239,NaN,NaN,NaN,NaN,0
22.02.2019 00:00:00,5724932,NaN,NaN,NaN,NaN,0
23.02.2019 00:00:00,5738832,NaN,NaN,NaN,NaN,0
24.02.2019 00:00:00,5752487,NaN,NaN,NaN,NaN,0
25.02.2019 00:00:00,5759444,NaN,NaN,NaN,NaN,0
26.02.2019 00:00:00,5765182,NaN,NaN,NaN,NaN,0
27.02.2019 00:00:00,5791805,NaN,NaN,NaN,NaN,0
28.02.2019 00:00:00,5816536,NaN,NaN,NaN,NaN,0
01.03.2019 00:00:00,5843314,NaN,NaN,NaN,NaN,0
02.03.2019 00:00:00,5872452,NaN,NaN,NaN,NaN,0
03.03.2019 00:00:00,5895410,NaN,NaN,NaN,NaN,0
04.03.2019 00:00:00,5912546,NaN,NaN,NaN,NaN,0
05.03.2019 00:00:00,5935316,NaN,NaN,NaN,NaN,0
06.03.2019 00:00:00,5940020,NaN,NaN,NaN,NaN,0
07.03.2019 00:00:00,5952796,NaN,NaN,NaN,NaN,0
08.03.2019 00:00:00,5967374,NaN,NaN,NaN,NaN,0
09.03.2019 00:00:00,5995037,NaN,NaN,NaN,NaN,0
10.03.2019 00:00:00,6007048,NaN,NaN,NaN,NaN,0
11.03.2019 01:00:00,6027332,NaN,NaN,NaN,NaN,0
12.03.2019 01:00:00,6037248,NaN,NaN,NaN,NaN,0
13.03.2019 01:00:00,6054202,NaN,NaN,NaN,NaN,0
14.03.2019 01:00:00,6085915,NaN,NaN,NaN,NaN,0
15.03.2019 01:00:00,6098132,NaN,NaN,NaN,NaN,0
16.03.2019 01:00:00,6102190,NaN,NaN,NaN,NaN,0
17.03.2019 01:00:00,6108889,NaN,NaN,NaN,NaN,0
18.03.2019 01:00:00,6139361,NaN,NaN,NaN,NaN,0
19.03.2019 01:00:00,6164836,NaN,NaN,NaN,NaN,0
20.03.2019 01:00:00,6198209,NaN,NaN,NaN,NaN,0
21.03.2019 01:00:00,6231546,NaN,NaN,NaN,NaN,0
22.03.2019 01:00:00,6260443,NaN,NaN,NaN,NaN,0
23.03.2019 01:00:00,6291823,NaN,NaN,NaN,NaN,0
24.03.2019 01:00:00,6324349,NaN,NaN,NaN,NaN,0
25.03.2019 01:00:00,6334288,NaN,NaN,NaN,NaN,0
26.03.2019 01:00:00,6353979,NaN,NaN,NaN,NaN,0
27.03.2019 01:00:00,6386560,NaN,NaN,NaN,NaN,0
28.03.2019 01:00:00,6417702,NaN,NaN,NaN,NaN,0
29.03.2019 01:00:00,6451715,NaN,NaN,NaN,NaN,0
30.03.2019 01:00:00,6477893,NaN,NaN,NaN,NaN,0
31.03.2019 01:00:00,6505142,NaN,NaN,NaN,NaN,0
01.04.2019 01:00:00,6539406,NaN,NaN,NaN,NaN,0
02.04.2019 01:00:00,6565494,NaN,NaN,NaN,NaN,0
03.04.2019 01:00:00,6588765,NaN,NaN,NaN,NaN,0
04.04.2019 01:00:00,6605063,NaN,NaN,NaN,NaN,0
05.04.2019 01:00:00,6638789,NaN,NaN,NaN,NaN,0
06.04.2019 01:00:00,6657064,NaN,NaN,NaN,NaN,0
07.04.2019 01:00:00,6673490,NaN,NaN,NaN,NaN,0
08.04.2019 01:00:00,6698070,NaN,NaN,NaN,NaN,0
09.04.2019 01:00:00,6727536,NaN,NaN,NaN,NaN,0
10.04.2019 01:00:00,6761158,NaN,NaN,NaN,NaN,0
11.04.2019 01:00:00,6792081,NaN,NaN,NaN,NaN,0
12.04.2019 01:00:00,6824957,NaN,NaN,NaN,NaN,0
13.04.2019 01:00:00,6847036,NaN,NaN,NaN,NaN,0
14.04.2019 01:00:00,6852707,NaN,NaN,NaN,NaN,0
15.04.2019 01:00:00,6875140,NaN,NaN,NaN,NaN,0
16.04.2019 01:00:00,6911257,NaN,NaN,NaN,NaN,0
17.04.2019 01:00:00,6944576,NaN,NaN,NaN,NaN,0
18.04.2019 01:00:00,6979280,NaN,NaN,NaN,NaN,0
19.04.2019 01:00:00,7004082,NaN,NaN,NaN,NaN,0
20.04.2019 01:00:00,7027862,NaN,NaN,NaN,NaN,0
21.04.2019 01:00:00,7058604,NaN,NaN,NaN,NaN,0
22.04.2019 01:00:00,7096232,NaN,NaN,NaN,NaN,0
23.04.2019 01:00:00,7132715,NaN,NaN,NaN,NaN,0
24.04.2019 01:00:00,7148733,NaN,NaN,NaN,NaN,0
25.04.2019 01:00:00,7181877,NaN,NaN,NaN,NaN,0
26.04.2019 01:00:00,7211243,NaN,NaN,NaN,NaN,0
27.04.2019 01:00:00,7234185,NaN,NaN,NaN,NaN,0
28.04.2019 01:00:00,7265891,NaN,NaN,NaN,NaN,0
29.04.2019 01:00:00,7302284,NaN,NaN,NaN,NaN,0
30.04.2019 01:00:00,7332362,NaN,NaN,NaN,NaN,0
01.05.2019 01:00:00,7367735,NaN,NaN,NaN,NaN,0
02.05.2019 01:00:00,7396268,NaN,NaN,NaN,NaN,0
03.05.2019 01:00:00,7409233,NaN,NaN,NaN,NaN,0
04.05.2019 01:00:00,7426126,NaN,NaN,NaN,NaN,0
05.05.2019 01:00:00,7454296,NaN,NaN,NaN,NaN,0
06.05.2019 01:00:00,7486314,NaN,NaN,NaN,NaN,0
07.05.2019 01:00:00,7524511,NaN,NaN,NaN,NaN,0
08.05.2019 01:00:00,7562286,NaN,NaN,NaN,NaN,0
09.05.2019 01:00:00,7598113,NaN,NaN,NaN,NaN,0
10.05.2019 01:00:00,7626418,NaN,NaN,NaN,NaN,0
11.05.2019 01:00:00,7655776,NaN,NaN,NaN,NaN,0
12.05.2019 01:00:00,7668459,NaN,NaN,NaN,NaN,0
13.05.2019 01:00:00,7686280,NaN,NaN,NaN,NaN,0
14.05.2019 01:00:00,7700604,NaN,NaN,NaN,NaN,0
15.05.2019 01:00:00,7739692,NaN,NaN,NaN,NaN,0
16.05.2019 01:00:00,7775957,NaN,NaN,NaN,NaN,0
17.05.2019 01:00:00,7813394,NaN,NaN,NaN,NaN,0
18.05.2019 01:00:00,7850691,NaN,NaN,NaN,NaN,0
19.05.2019 01:00:00,7878692,NaN,NaN,NaN,NaN,0
20.05.2019 01:00:00,7896840,NaN,NaN,NaN,NaN,0
21.05.2019 01:00:00,7923034,NaN,NaN,NaN,NaN,0
22.05.2019 01:00:00,7960265,NaN,NaN,NaN,NaN,0
23.05.2019 01:00:00,7971755,NaN,NaN,NaN,NaN,0
24.05.2019 01:00:00,7980999,NaN,NaN,NaN,NaN,0
25.05.2019 01:00:00,8004121,NaN,NaN,NaN,NaN,0
26.05.2019 01:00:00,8024429,NaN,NaN,NaN,NaN,0
27.05.2019 01:00:00,8044695,NaN,NaN,NaN,NaN,0
28.05.2019 01:00:00,8076775,NaN,NaN,NaN,NaN,0
29.05.2019 01:00:00,8113195,NaN,NaN,NaN,NaN,0
30.05.2019 01:00:00,8138293,NaN,NaN,NaN,NaN,0
31.05.2019 01:00:00,8166732,NaN,NaN,NaN,NaN,0
01.06.2019 01:00:00,8197488,NaN,NaN,NaN,NaN,0
02.06.2019 01:00:00,8229181,NaN,NaN,NaN,NaN,0
03.06.2019 01:00:00,8262958,NaN,NaN,NaN,NaN,0
04.06.2019 01:00:00,8298140,NaN,NaN,NaN,NaN,0
05.06.2019 01:00:00,8334156,NaN,NaN,NaN,NaN,0
06.06.2019 01:00:00,8366132,NaN,NaN,NaN,NaN,0
07.06.2019 01:00:00,8395740,NaN,NaN,NaN,NaN,0
08.06.2019 01:00:00,8420828,NaN,NaN,NaN,NaN,0
09.06.2019 01:00:00,8448750,NaN,NaN,NaN,NaN,0
10.06.2019 01:00:00,8485467,NaN,NaN,NaN,NaN,0
11.06.2019 01:00:00,8514491,NaN,NaN,NaN,NaN,0
12.06.2019 01:00:00,8551925,NaN,NaN,NaN,NaN,0
13.06.2019 01:00:00,8590347,NaN,NaN,NaN,NaN,0
14.06.2019 01:00:00,8626921,NaN,NaN,NaN,NaN,0
15.06.2019 01:00:00,8663785,NaN,NaN,NaN,NaN,0
16.06.2019 01:00:00,8698371,NaN,NaN,NaN,NaN,0
17.06.2019 01:00:00,8733267,NaN,NaN,NaN,NaN,0
18.06.2019 01:00:00,8768402,NaN,NaN,NaN,NaN,0
19.06.2019 01:00:00,8799929,NaN,NaN,NaN,NaN,0
20.06.2019 01:00:00,8829638,NaN,NaN,NaN,NaN,0
21.06.2019 01:00:00,8849194,NaN,NaN,NaN,NaN,0
22.06.2019 01:00:00,8876407,NaN,NaN,NaN,NaN,0
23.06.2019 01:00:00,8912488,NaN,NaN,NaN,NaN,0
24.06.2019 01:00:00,8947102,NaN,NaN,NaN,NaN,0
25.06.2019 01:00:00,8979219,NaN,NaN,NaN,NaN,0
26.06.2019 01:00:00,9002488,NaN,NaN,NaN,NaN,0
27.06.2019 01:00:00,9040470,NaN,NaN,NaN,NaN,0
28.06.2019 01:00:00,9077646,NaN,NaN,NaN,NaN,0
29.06.2019 01:00:00,9110506,NaN,NaN,NaN,NaN,0
30.06.2019 01:00:00,9141063,NaN,NaN,NaN,NaN,0
01.07.2019 01:00:00,9176620,NaN,NaN,NaN,NaN,0
02.07.2019 01:00:00,9206284,NaN,NaN,NaN,NaN,0
03.07.2019 01:00:00,9233459,NaN,NaN,NaN,NaN,0
04.07.2019 01:00:00,9256163,NaN,NaN,NaN,NaN,0
05.07.2019 01:00:00,9289303,NaN,NaN,NaN,NaN,0
06.07.2019 01:00:00,9322027,NaN,NaN,NaN,NaN,0
07.07.2019 01:00:00,9357999,NaN,NaN,NaN,NaN,0
08.07.2019 01:00:00,9394126,NaN,NaN,NaN,NaN,0
09.07.2019 01:00:00,9430358,NaN,NaN,NaN,NaN,0
10.07.2019 01:00:00,9462216,NaN,NaN,NaN,NaN,0
11.07.2019 01:00:00,9490750,NaN,NaN,NaN,NaN,0
12.07.2019 01:00:00,9520436,NaN,NaN,NaN,NaN,0
13.07.2019 01:00:00,9557034,NaN,NaN,NaN,NaN,0
14.07.2019 01:00:00,9592916,NaN,NaN,NaN,NaN,0
15.07.2019 01:00:00,9621380,NaN,NaN,NaN,NaN,0
16.07.2019 01:00:00,9654836,NaN,NaN,NaN,NaN,0
17.07.2019 01:00:00,9679969,NaN,NaN,NaN,NaN,0
18.07.2019 01:00:00,9709353,NaN,NaN,NaN,NaN,0
19.07.2019 01:00:00,9743289,NaN,NaN,NaN,NaN,0
20.07.2019 01:00:00,9775758,NaN,NaN,NaN,NaN,0
21.07.2019 01:00:00,9808723,NaN,NaN,NaN,NaN,0
22.07.2019 01:00:00,9843829,NaN,NaN,NaN,NaN,0
23.07.2019 01:00:00,9878359,NaN,NaN,NaN,NaN,0
24.07.2019 01:00:00,9906069,NaN,NaN,NaN,NaN,0
25.07.2019 01:00:00,9940649,NaN,NaN,NaN,NaN,0
26.07.2019 01:00:00,9967391,NaN,NaN,NaN,NaN,0
27.07.2019 01:00:00,10001220,NaN,NaN,NaN,NaN,0
28.07.2019 01:00:00,10029556,NaN,NaN,NaN,NaN,0
29.07.2019 01:00:00,10060851,NaN,NaN,NaN,NaN,0
30.07.2019 01:00:00,10091093,NaN,NaN,NaN,NaN,0
31.07.2019 01:00:00,10124895,NaN,NaN,NaN,NaN,0
01.08.2019 01:00:00,10159203,NaN,NaN,NaN,NaN,0
02.08.2019 01:00:00,10193771,NaN,NaN,NaN,NaN,0
03.08.2019 01:00:00,10215348,NaN,NaN,NaN,NaN,0
04.08.2019 01:00:00,10243537,NaN,NaN,NaN,NaN,0
05.08.2019 01:00:00,10268052,NaN,NaN,NaN,NaN,0
06.08.2019 01:00:00,10295024,NaN,NaN,NaN,NaN,0
07.08.2019 01:00:00,10318453,NaN,NaN,NaN,NaN,0
08.08.2019 01:00:00,10342598,NaN,NaN,NaN,NaN,0
09.08.2019 01:00:00,10373948,NaN,NaN,NaN,NaN,0
10.08.2019 01:00:00,10401157,NaN,NaN,NaN,NaN,0
11.08.2019 01:00:00,10423246,NaN,NaN,NaN,NaN,0
12.08.2019 01:00:00,10456023,NaN,NaN,NaN,NaN,0
13.08.2019 01:00:00,10472341,NaN,NaN,NaN,NaN,0
14.08.2019 01:00:00,10503008,NaN,NaN,NaN,NaN,0
15.08.2019 01:00:00,10523739,NaN,NaN,NaN,NaN,0
16.08.2019 01:00:00,10557800,NaN,NaN,NaN,NaN,0
17.08.2019 01:00:00,10590697,NaN,NaN,NaN,NaN,0
18.08.2019 01:00:00,10624611,NaN,NaN,NaN,NaN,0
19.08.2019 01:00:00,10657855,NaN,NaN,NaN,NaN,0
20.08.2019 01:00:00,10684744,NaN,NaN,NaN,NaN,0
21.08.2019 01:00:00,10718348,NaN,NaN,NaN,NaN,0
22.08.2019 01:00:00,10750663,NaN,NaN,NaN,NaN,0
23.08.2019 01:00:00,10784153,NaN,NaN,NaN,NaN,0
24.08.2019 01:00:00,10816728,NaN,NaN,NaN,NaN,0
25.08.2019 01:00:00,10839888,NaN,0,NaN,0,NaN
26.08.2019 01:00:00,10866299,NaN,0,NaN,0,NaN
27.08.2019 01:00:00,10896614,NaN,0,NaN,0,NaN
28.08.2019 01:00:00,10928295,NaN,0,NaN,0,NaN
29.08.2019 01:00:00,10961107,NaN,0,NaN,0,NaN
30.08.2019 01:00:00,NaN,NaN,0,NaN,0,NaN
31.08.2019 01:00:00,NaN,NaN,0,NaN,0,NaN
01.09.2019 01:00:00,NaN,NaN,0,NaN,0,NaN
02.09.2019 01:00:00,NaN,NaN,0,NaN,0,NaN
03.09.2019 01:00:00,NaN,NaN,0,NaN,0,NaN
04.09.2019 01:00:00,NaN,NaN,0,NaN,0,NaN
05.09.2019 01:00:00,NaN,NaN,0,NaN,0,NaN
06.09.2019 01:00:00,NaN,NaN,0,NaN,0,NaN
07.09.2019 01:00:00,NaN,NaN,0,NaN,0,NaN
08.09.2019 01:00:00,NaN,NaN,0,NaN,0,NaN
09.09.2019 01:00:00,NaN,NaN,0,NaN,0,NaN
10.09.2019 01:00:00,NaN,NaN,0,NaN,0,NaN
11.09.2019 01:00:00,NaN,NaN,0,NaN,0,NaN
12.09.2019 01:00:00,NaN,NaN,0,NaN,0,NaN
13.09.2019 01:00:00,NaN,NaN,0,NaN,0,NaN
14.09.2019 01:00:00,NaN,NaN,0,NaN,0,NaN
15.09.2019 01:00:00,NaN,NaN,0,NaN,0,NaN
16.09.2019 01:00:00,NaN,NaN,0,NaN,0,NaN
17.09.2019 01:00:00,NaN,NaN,0,NaN,0,NaN
18.09.2019 01:00:00,NaN,NaN,0,NaN,0,NaN
19.09.2019 01:00:00,NaN,NaN,0,NaN,0,NaN
20.09.2019 01:00:00,NaN,NaN,0,NaN,0,NaN
21.09.2019 01:00:00,NaN,NaN,0,NaN,0,NaN
22.09.2019 01:00:00,NaN,NaN,0,NaN,0,NaN
23.09.2019 01:00:00,NaN,NaN,0,NaN,0,NaN
24.09.2019 01:00:00,NaN,NaN,0,NaN,0,NaN
25.09.2019 01:00:00,NaN,NaN,0,NaN,0,NaN
26.09.2019 01:00:00,NaN,NaN,0,NaN,0,NaN
27.09.2019 01:00:00,NaN,NaN,0,NaN,0,NaN
28.09.2019 01:00:00,NaN,NaN,0,NaN,0,NaN
29.09.2019 01:00:00,NaN,NaN,0,NaN,0,NaN
30.09.2019 01:00:00,NaN,NaN,0,NaN,0,NaN
01.10.2019 01:00:00,NaN,NaN,0,NaN,0,NaN
02.10.2019 01:00:00,NaN,NaN,0,NaN,0,NaN
03.10.2019 01:00:00,NaN,NaN,0,NaN,0,NaN
04.10.2019 01:00:00,NaN,NaN,0,NaN,0,NaN
05.10.2019 01:00:00,NaN,NaN,0,NaN,0,NaN
06.10.2019 01:00:00,NaN,NaN,0,NaN,0,NaN
07.10.2019 01:00:00,NaN,NaN,0,NaN,0,NaN
08.10.2019 01:00:00,NaN,NaN,0,NaN,0,NaN
09.10.2019 01:00:00,NaN,NaN,0,NaN,0,NaN
10.10.2019 01:00:00,NaN,NaN,0,NaN,0,NaN
11.10.2019 01:00:00,NaN,NaN,0,NaN,0,NaN
12.10.2019 01:00:00,NaN,NaN,0,NaN,0,NaN
13.10.2019 01:00:00,NaN,NaN,0,NaN,0,NaN
14.10.2019 01:00:00,NaN,NaN,0,NaN,0,NaN
15.10.2019 01:00:00,NaN,NaN,0,NaN,0,NaN
16.10.2019 01:00:00,NaN,NaN,0,NaN,0,NaN
17.10.2019 01:00:00,NaN,NaN,0,NaN,0,NaN
18.10.2019 01:00:00,10986140,NaN,0,NaN,0,NaN
19.10.2019 01:00:00,11014474,NaN,0,NaN,0,NaN
20.10.2019 01:00:00,11041715,NaN,0,NaN,0,NaN
21.10.2019 01:00:00,11067544,NaN,0,NaN,0,NaN
22.10.2019 01:00:00,11091159,NaN,0,NaN,0,NaN
23.10.2019 01:00:00,11119102,NaN,0,NaN,0,NaN
24.10.2019 01:00:00,11147552,NaN,0,NaN,0,NaN
25.10.2019 01:00:00,11175317,NaN,0,NaN,0,NaN
26.10.2019 01:00:00,11202766,NaN,0,NaN,0,NaN
27.10.2019 01:00:00,11226099,NaN,0,NaN,0,NaN
28.10.2019 01:00:00,11253685,NaN,0,NaN,0,NaN
29.10.2019 01:00:00,11280214,NaN,0,NaN,0,NaN
30.10.2019 01:00:00,11306421,NaN,0,NaN,0,NaN
31.10.2019 01:00:00,11331784,NaN,0,NaN,0,NaN
01.11.2019 01:00:00,11357909,NaN,0,NaN,0,NaN
02.11.2019 01:00:00,NaN,NaN,NaN,NaN,NaN,NaN
03.11.2019 01:00:00,11405546,NaN,0,NaN,0,NaN
04.11.2019 00:00:00,11432765,NaN,0,NaN,0,NaN
05.11.2019 00:00:00,11459467,NaN,0,NaN,0,NaN
06.11.2019 00:00:00,11485581,NaN,0,NaN,0,NaN
07.11.2019 00:00:00,11511079,NaN,0,NaN,0,NaN
08.11.2019 00:00:00,11535839,NaN,0,NaN,0,NaN
09.11.2019 00:00:00,11560247,NaN,0,NaN,0,NaN
10.11.2019 00:00:00,11581074,NaN,0,NaN,0,NaN
11.11.2019 00:00:00,11605315,NaN,0,NaN,0,NaN
12.11.2019 00:00:00,11630177,NaN,0,NaN,0,NaN
13.11.2019 00:00:00,11654527,NaN,0,NaN,0,NaN
14.11.2019 00:00:00,11673112,NaN,0,NaN,0,NaN
15.11.2019 00:00:00,11697403,NaN,0,NaN,0,NaN
16.11.2019 00:00:00,11721752,NaN,0,NaN,0,NaN
17.11.2019 00:00:00,11745810,NaN,0,NaN,0,NaN
18.11.2019 00:00:00,11769516,NaN,0,NaN,0,NaN
19.11.2019 00:00:00,11781961,NaN,0,NaN,0,NaN
20.11.2019 00:00:00,11802249,NaN,0,NaN,0,NaN
21.11.2019 00:00:00,11825319,NaN,0,NaN,0,NaN
22.11.2019 00:00:00,11845929,NaN,0,NaN,0,NaN
23.11.2019 00:00:00,11860490,NaN,0,NaN,0,NaN
24.11.2019 00:00:00,11866879,NaN,0,NaN,0,NaN
25.11.2019 00:00:00,11877754,NaN,0,NaN,0,NaN
26.11.2019 00:00:00,11886831,NaN,0,NaN,0,NaN
27.11.2019 00:00:00,11908909,NaN,0,NaN,0,NaN
28.11.2019 00:00:00,11931088,NaN,0,NaN,0,NaN
29.11.2019 00:00:00,11943233,NaN,0,NaN,0,NaN
30.11.2019 00:00:00,11951717,NaN,0,NaN,0,NaN
01.12.2019 00:00:00,11960808,NaN,0,NaN,0,NaN
02.12.2019 00:00:00,11970311,NaN,0,NaN,0,NaN
03.12.2019 00:00:00,11971960,NaN,0,NaN,0,NaN
04.12.2019 00:00:00,11990927,NaN,0,NaN,0,NaN
05.12.2019 00:00:00,12006660,NaN,0,NaN,0,NaN
06.12.2019 00:00:00,12021004,NaN,0,NaN,0,NaN
07.12.2019 00:00:00,12037424,NaN,0,NaN,0,NaN
08.12.2019 00:00:00,12051203,NaN,0,NaN,0,NaN
09.12.2019 00:00:00,12056047,NaN,0,NaN,0,NaN
10.12.2019 00:00:00,12068974,NaN,0,NaN,0,NaN
11.12.2019 00:00:00,12085921,NaN,0,NaN,0,NaN
12.12.2019 00:00:00,12089342,NaN,0,NaN,0,NaN
13.12.2019 00:00:00,12103520,NaN,0,NaN,0,NaN
14.12.2019 00:00:00,12122351,NaN,0,NaN,0,NaN
15.12.2019 00:00:00,12133423,NaN,0,NaN,0,NaN
16.12.2019 00:00:00,12149477,NaN,0,NaN,0,NaN
17.12.2019 00:00:00,12160414,NaN,0,NaN,0,NaN
18.12.2019 00:00:00,12166952,NaN,0,NaN,0,NaN
19.12.2019 00:00:00,12169048,NaN,0,NaN,0,NaN
20.12.2019 00:00:00,12180006,NaN,0,NaN,0,NaN
21.12.2019 00:00:00,12198791,NaN,0,NaN,0,NaN
22.12.2019 00:00:00,12214587,NaN,0,NaN,0,NaN
23.12.2019 00:00:00,12230513,NaN,0,NaN,0,NaN
24.12.2019 00:00:00,12249040,NaN,0,NaN,0,NaN
25.12.2019 00:00:00,12265898,NaN,0,NaN,0,NaN
26.12.2019 00:00:00,12277384,NaN,0,NaN,0,NaN
27.12.2019 00:00:00,12283898,NaN,0,NaN,0,NaN
28.12.2019 00:00:00,12289332,NaN,0,NaN,0,NaN
29.12.2019 00:00:00,12298086,NaN,0,NaN,0,NaN
30.12.2019 00:00:00,12315512,NaN,0,NaN,0,NaN
31.12.2019 00:00:00,12317381,NaN,0,NaN,0,NaN
01.01.2020 00:00:00,NaN,NaN,0,NaN,0,NaN
02.01.2020 00:00:00,12345697,NaN,0,NaN,0,NaN
03.01.2020 00:00:00,12358311,NaN,0,NaN,0,NaN
04.01.2020 00:00:00,12377749,NaN,0,NaN,0,NaN
05.01.2020 00:00:00,12383689,NaN,0,NaN,0,NaN
06.01.2020 00:00:00,12401998,NaN,0,NaN,0,NaN
07.01.2020 00:00:00,12421484,NaN,0,NaN,0,NaN
08.01.2020 00:00:00,12433965,NaN,0,NaN,0,NaN
09.01.2020 00:00:00,12453100,NaN,0,NaN,0,NaN
10.01.2020 00:00:00,12473265,NaN,0,NaN,0,NaN
11.01.2020 00:00:00,12493629,NaN,0,NaN,0,NaN
12.01.2020 00:00:00,12505479,NaN,0,NaN,0,NaN
13.01.2020 00:00:00,12513135,NaN,0,NaN,0,NaN
14.01.2020 00:00:00,12526204,NaN,0,NaN,0,NaN
15.01.2020 00:00:00,12543178,NaN,0,NaN,0,NaN
16.01.2020 00:00:00,12555438,NaN,0,NaN,0,NaN
17.01.2020 00:00:00,12574777,NaN,0,NaN,0,NaN
18.01.2020 00:00:00,12595964,NaN,0,NaN,0,NaN
19.01.2020 00:00:00,12617211,NaN,0,NaN,0,NaN
20.01.2020 00:00:00,12623243,NaN,0,NaN,0,NaN
21.01.2020 00:00:00,12635440,NaN,0,NaN,0,NaN
22.01.2020 00:00:00,12653803,NaN,0,NaN,0,NaN
23.01.2020 00:00:00,12671901,NaN,0,NaN,0,NaN
24.01.2020 00:00:00,12681462,NaN,0,NaN,0,NaN
25.01.2020 00:00:00,12684397,NaN,0,NaN,0,NaN
26.01.2020 00:00:00,12700781,NaN,0,NaN,0,NaN
27.01.2020 00:00:00,12724189,NaN,0,NaN,0,NaN
28.01.2020 00:00:00,12744927,NaN,0,NaN,0,NaN
29.01.2020 00:00:00,12768673,NaN,0,NaN,0,NaN
30.01.2020 00:00:00,12790930,NaN,0,NaN,0,NaN
31.01.2020 00:00:00,12800308,NaN,0,NaN,0,NaN
01.02.2020 00:00:00,12825861,NaN,0,NaN,0,NaN
02.02.2020 00:00:00,12845749,NaN,0,NaN,0,NaN
03.02.2020 00:00:00,12869693,NaN,0,NaN,0,NaN
04.02.2020 00:00:00,12891651,NaN,0,NaN,0,NaN
05.02.2020 00:00:00,12910019,NaN,0,NaN,0,NaN
06.02.2020 00:00:00,12935443,NaN,0,NaN,0,NaN
07.02.2020 00:00:00,12941543,NaN,0,NaN,0,NaN
08.02.2020 00:00:00,12965960,NaN,0,NaN,0,NaN
09.02.2020 00:00:00,12988861,NaN,0,NaN,0,NaN
10.02.2020 00:00:00,13009161,NaN,0,NaN,0,NaN
11.02.2020 00:00:00,13034335,NaN,0,NaN,0,NaN
12.02.2020 00:00:00,13060540,NaN,0,NaN,0,NaN
13.02.2020 00:00:00,13078743,NaN,0,NaN,0,NaN
14.02.2020 00:00:00,13103367,NaN,0,NaN,0,NaN
15.02.2020 00:00:00,13111396,NaN,0,NaN,0,NaN
16.02.2020 00:00:00,13139527,NaN,0,NaN,0,NaN
17.02.2020 00:00:00,13166620,NaN,0,NaN,0,NaN
18.02.2020 00:00:00,13192532,NaN,0,NaN,0,NaN
19.02.2020 00:00:00,13217611,NaN,0,NaN,0,NaN
20.02.2020 00:00:00,13234926,NaN,0,NaN,0,NaN
21.02.2020 00:00:00,13249246,NaN,0,NaN,0,NaN
22.02.2020 00:00:00,NaN,NaN,0,NaN,0,NaN
23.02.2020 00:00:00,13297774,NaN,0,NaN,0,NaN
24.02.2020 00:00:00,13326845,NaN,0,NaN,0,NaN
25.02.2020 00:00:00,13351714,NaN,0,NaN,0,NaN
26.02.2020 00:00:00,13361363,NaN,0,NaN,0,NaN
27.02.2020 00:00:00,13372093,NaN,0,NaN,0,NaN
28.02.2020 00:00:00,13398457,NaN,0,NaN,0,NaN
29.02.2020 00:00:00,13425018,NaN,0,NaN,0,NaN
01.03.2020 00:00:00,13455752,NaN,0,NaN,0,NaN
02.03.2020 00:00:00,13486087,NaN,0,NaN,0,NaN
03.03.2020 00:00:00,13509325,NaN,0,NaN,0,NaN
04.03.2020 00:00:00,13509325,NaN,0,NaN,0,NaN
05.03.2020 00:00:00,13509325,NaN,0,NaN,0,NaN
06.03.2020 00:00:00,13509355,NaN,0,NaN,0,NaN
07.03.2020 00:00:00,13539689,NaN,0,NaN,0,NaN
08.03.2020 00:00:00,13570326,NaN,0,NaN,0,NaN
09.03.2020 01:00:00,13601238,NaN,0,NaN,0,NaN
10.03.2020 01:00:00,13627583,NaN,0,NaN,0,NaN
11.03.2020 01:00:00,13655413,NaN,0,NaN,0,NaN
12.03.2020 01:00:00,13692251,NaN,0,NaN,0,NaN
13.03.2020 01:00:00,13700135,NaN,0,NaN,0,NaN
14.03.2020 01:00:00,13709491,NaN,0,NaN,0,NaN
15.03.2020 01:00:00,13729437,NaN,0,NaN,0,NaN
16.03.2020 01:00:00,13742255,NaN,0,NaN,0,NaN
17.03.2020 01:00:00,13756653,NaN,0,NaN,0,NaN
18.03.2020 01:00:00,13777656,NaN,0,NaN,0,NaN
19.03.2020 01:00:00,13807693,NaN,0,NaN,0,NaN
20.03.2020 01:00:00,13828012,NaN,0,NaN,0,NaN
21.03.2020 01:00:00,13846368,NaN,0,NaN,0,NaN
22.03.2020 01:00:00,13856632,NaN,0,NaN,0,NaN
23.03.2020 01:00:00,13880406,NaN,0,NaN,0,NaN
24.03.2020 01:00:00,13901207,NaN,0,NaN,0,NaN
25.03.2020 01:00:00,13930517,NaN,0,NaN,0,NaN
26.03.2020 01:00:00,13946962,NaN,0,NaN,0,NaN
27.03.2020 01:00:00,13971268,NaN,0,NaN,0,NaN
28.03.2020 01:00:00,13991028,NaN,0,NaN,0,NaN
29.03.2020 01:00:00,14025498,NaN,0,NaN,0,NaN
30.03.2020 01:00:00,14042641,NaN,0,NaN,0,NaN
31.03.2020 01:00:00,14066265,NaN,0,NaN,0,NaN
01.04.2020 01:00:00,14084119,NaN,0,NaN,0,NaN
02.04.2020 01:00:00,14112501,NaN,0,NaN,0,NaN
03.04.2020 01:00:00,14147027,NaN,0,NaN,0,NaN
04.04.2020 01:00:00,14170426,NaN,0,NaN,0,NaN
05.04.2020 01:00:00,14193021,NaN,0,NaN,0,NaN
06.04.2020 01:00:00,14229864,NaN,0,NaN,0,NaN
07.04.2020 01:00:00,14260445,NaN,0,NaN,0,NaN
08.04.2020 01:00:00,14294705,NaN,0,NaN,0,NaN
09.04.2020 01:00:00,14330414,NaN,0,NaN,0,NaN
10.04.2020 01:00:00,14366479,NaN,0,NaN,0,NaN
11.04.2020 01:00:00,14401769,NaN,0,NaN,0,NaN
12.04.2020 01:00:00,14425136,NaN,0,NaN,0,NaN
13.04.2020 01:00:00,14460163,NaN,0,NaN,0,NaN
14.04.2020 01:00:00,14496844,NaN,0,NaN,0,NaN
15.04.2020 01:00:00,14523565,NaN,0,NaN,0,NaN
16.04.2020 01:00:00,14559817,NaN,0,NaN,0,NaN
17.04.2020 01:00:00,14598941,NaN,0,NaN,0,NaN
18.04.2020 01:00:00,14636779,NaN,0,NaN,0,NaN
19.04.2020 01:00:00,14659458,NaN,0,NaN,0,NaN
20.04.2020 01:00:00,14695110,NaN,0,NaN,0,NaN
21.04.2020 01:00:00,14724498,NaN,0,NaN,0,NaN
22.04.2020 01:00:00,14759750,NaN,0,NaN,0,NaN
23.04.2020 01:00:00,14796397,NaN,0,NaN,0,NaN
24.04.2020 01:00:00,14815772,NaN,0,NaN,0,NaN
25.04.2020 01:00:00,14849496,NaN,0,NaN,0,NaN
26.04.2020 01:00:00,14883155,NaN,0,NaN,0,NaN
27.04.2020 01:00:00,14920764,NaN,0,NaN,0,NaN
28.04.2020 01:00:00,14958565,NaN,0,NaN,0,NaN
29.04.2020 01:00:00,14989281,NaN,0,NaN,0,NaN
30.04.2020 01:00:00,15025936,NaN,0,NaN,0,NaN
01.05.2020 01:00:00,15061318,NaN,0,NaN,0,NaN
02.05.2020 01:00:00,15097570,NaN,0,NaN,0,NaN
03.05.2020 01:00:00,15123175,NaN,0,NaN,0,NaN
04.05.2020 01:00:00,15159449,NaN,0,NaN,0,NaN
05.05.2020 01:00:00,15195707,NaN,0,NaN,0,NaN
06.05.2020 01:00:00,15231450,NaN,0,NaN,0,NaN
07.05.2020 01:00:00,15269136,NaN,0,NaN,0,NaN
08.05.2020 01:00:00,15306775,NaN,0,NaN,0,NaN
09.05.2020 01:00:00,15339849,NaN,0,NaN,0,NaN
10.05.2020 01:00:00,15377286,NaN,0,NaN,0,NaN
11.05.2020 01:00:00,15415483,NaN,0,NaN,0,NaN
12.05.2020 01:00:00,15452575,NaN,0,NaN,0,NaN
13.05.2020 01:00:00,15488919,NaN,0,NaN,0,NaN
14.05.2020 01:00:00,15511954,NaN,0,NaN,0,NaN
15.05.2020 01:00:00,15549163,NaN,0,NaN,0,NaN
16.05.2020 01:00:00,15584145,NaN,0,NaN,0,NaN
17.05.2020 01:00:00,15621463,NaN,0,NaN,0,NaN
18.05.2020 01:00:00,15654584,NaN,0,NaN,0,NaN
19.05.2020 01:00:00,15690525,NaN,0,NaN,0,NaN
20.05.2020 01:00:00,15726321,NaN,0,NaN,0,NaN
21.05.2020 01:00:00,15763042,NaN,0,NaN,0,NaN
22.05.2020 01:00:00,15795423,NaN,0,NaN,0,NaN
23.05.2020 01:00:00,15834457,NaN,0,NaN,0,NaN
24.05.2020 01:00:00,15873100,NaN,0,NaN,0,NaN
25.05.2020 01:00:00,15910537,NaN,0,NaN,0,NaN
26.05.2020 01:00:00,15945444,NaN,0,NaN,0,NaN
27.05.2020 01:00:00,15984176,NaN,0,NaN,0,NaN
28.05.2020 01:00:00,16022208,NaN,0,NaN,0,NaN
29.05.2020 01:00:00,16058172,NaN,0,NaN,0,NaN
30.05.2020 01:00:00,16082925,NaN,0,NaN,0,NaN
31.05.2020 01:00:00,16118080,NaN,0,NaN,0,NaN
01.06.2020 01:00:00,16153316,NaN,0,NaN,0,NaN
02.06.2020 01:00:00,16176942,NaN,0,NaN,0,NaN
03.06.2020 01:00:00,16203968,NaN,0,NaN,0,NaN
04.06.2020 01:00:00,16229966,NaN,0,NaN,0,NaN
05.06.2020 01:00:00,16265241,NaN,0,NaN,0,NaN
06.06.2020 01:00:00,16298877,NaN,0,NaN,0,NaN
07.06.2020 01:00:00,16334886,NaN,0,NaN,0,NaN
08.06.2020 01:00:00,16358348,NaN,0,NaN,0,NaN
09.06.2020 01:00:00,16392003,NaN,0,NaN,0,NaN
10.06.2020 01:00:00,16429304,NaN,0,NaN,0,NaN
11.06.2020 01:00:00,16463148,NaN,0,NaN,0,NaN
12.06.2020 01:00:00,16502585,NaN,0,NaN,0,NaN
13.06.2020 01:00:00,16540040,NaN,0,NaN,0,NaN
14.06.2020 01:00:00,16576865,NaN,0,NaN,0,NaN
15.06.2020 01:00:00,16608449,NaN,0,NaN,0,NaN
16.06.2020 01:00:00,16632322,NaN,0,NaN,0,NaN
17.06.2020 01:00:00,16669124,NaN,0,NaN,0,NaN
18.06.2020 01:00:00,16704724,NaN,0,NaN,0,NaN
19.06.2020 01:00:00,16738719,NaN,0,NaN,0,NaN
20.06.2020 01:00:00,16775436,NaN,0,NaN,0,NaN
21.06.2020 01:00:00,16812186,NaN,0,NaN,0,NaN
22.06.2020 01:00:00,16849258,NaN,0,NaN,0,NaN
23.06.2020 01:00:00,16885591,NaN,0,NaN,0,NaN
24.06.2020 01:00:00,16920860,NaN,0,NaN,0,NaN
25.06.2020 01:00:00,16950568,NaN,0,NaN,0,NaN
26.06.2020 01:00:00,16985818,NaN,0,NaN,0,NaN
27.06.2020 01:00:00,17019183,NaN,0,NaN,0,NaN
28.06.2020 01:00:00,17052916,NaN,0,NaN,0,NaN
29.06.2020 01:00:00,17085920,NaN,0,NaN,0,NaN
30.06.2020 01:00:00,17120174,NaN,0,NaN,0,NaN
01.07.2020 01:00:00,17153539,NaN,0,NaN,0,NaN
02.07.2020 01:00:00,17185746,NaN,0,NaN,0,NaN
03.07.2020 01:00:00,17223492,NaN,0,NaN,0,NaN
04.07.2020 01:00:00,17259173,NaN,0,NaN,0,NaN
05.07.2020 01:00:00,17294472,NaN,0,NaN,0,NaN
06.07.2020 01:00:00,17322596,NaN,0,NaN,0,NaN
07.07.2020 01:00:00,17352174,NaN,0,NaN,0,NaN
08.07.2020 01:00:00,17387891,NaN,0,NaN,0,NaN
09.07.2020 01:00:00,17410963,NaN,0,NaN,0,NaN
10.07.2020 01:00:00,17446715,NaN,0,NaN,0,NaN
11.07.2020 01:00:00,17482405,NaN,0,NaN,0,NaN
12.07.2020 01:00:00,17518821,NaN,0,NaN,0,NaN
13.07.2020 01:00:00,17553793,NaN,0,NaN,0,NaN
14.07.2020 01:00:00,17588069,NaN,0,NaN,0,NaN
15.07.2020 01:00:00,17622865,NaN,0,NaN,0,NaN
16.07.2020 01:00:00,17647946,NaN,0,NaN,0,NaN
17.07.2020 01:00:00,17679988,NaN,0,NaN,0,NaN
18.07.2020 01:00:00,17715051,NaN,0,NaN,0,NaN
19.07.2020 01:00:00,17737063,NaN,0,NaN,0,NaN
20.07.2020 01:00:00,17757851,NaN,0,NaN,0,NaN
21.07.2020 01:00:00,17791041,NaN,0,NaN,0,NaN
22.07.2020 01:00:00,17824441,NaN,0,NaN,0,NaN
23.07.2020 01:00:00,17855515,NaN,0,NaN,0,NaN
24.07.2020 01:00:00,17879427,NaN,0,NaN,0,NaN
25.07.2020 01:00:00,17900141,NaN,0,NaN,0,NaN
26.07.2020 01:00:00,17923224,NaN,0,NaN,0,NaN
27.07.2020 01:00:00,17938261,NaN,0,NaN,0,NaN
28.07.2020 01:00:00,17952378,NaN,0,NaN,0,NaN
29.07.2020 01:00:00,17974783,NaN,0,NaN,0,NaN
30.07.2020 01:00:00,18004366,NaN,0,NaN,0,NaN
31.07.2020 01:00:00,18039258,NaN,0,NaN,0,NaN
01.08.2020 01:00:00,18073702,NaN,0,NaN,0,NaN
02.08.2020 01:00:00,18108762,NaN,0,NaN,0,NaN
03.08.2020 01:00:00,18143035,NaN,0,NaN,0,NaN
04.08.2020 01:00:00,18173443,NaN,0,NaN,0,NaN
05.08.2020 01:00:00,18205278,NaN,0,NaN,0,NaN
06.08.2020 01:00:00,18238567,NaN,0,NaN,0,NaN
07.08.2020 01:00:00,18272116,NaN,0,NaN,0,NaN
08.08.2020 01:00:00,18292796,NaN,0,NaN,0,NaN
09.08.2020 01:00:00,18327418,NaN,0,NaN,0,NaN
10.08.2020 01:00:00,18361656,NaN,0,NaN,0,NaN
11.08.2020 01:00:00,18395505,NaN,0,NaN,0,NaN
12.08.2020 01:00:00,18422167,NaN,0,NaN,0,NaN
13.08.2020 01:00:00,18454446,NaN,0,NaN,0,NaN
14.08.2020 01:00:00,18489149,NaN,0,NaN,0,NaN
15.08.2020 01:00:00,18522806,NaN,0,NaN,0,NaN
16.08.2020 01:00:00,18555046,NaN,0,NaN,0,NaN
17.08.2020 01:00:00,18586790,NaN,0,NaN,0,NaN
18.08.2020 01:00:00,18619498,NaN,0,NaN,0,NaN
19.08.2020 01:00:00,18648952,NaN,0,NaN,0,NaN
20.08.2020 01:00:00,18680700,NaN,0,NaN,0,NaN
21.08.2020 01:00:00,18711881,NaN,0,NaN,0,NaN
22.08.2020 01:00:00,18732736,NaN,0,NaN,0,NaN
23.08.2020 01:00:00,18763282,NaN,0,NaN,0,NaN
24.08.2020 01:00:00,18791007,NaN,0,NaN,0,NaN
25.08.2020 01:00:00,18816581,NaN,0,NaN,0,NaN
26.08.2020 01:00:00,18844524,NaN,0,NaN,0,NaN
27.08.2020 01:00:00,18874627,NaN,0,NaN,0,NaN
28.08.2020 01:00:00,18906059,NaN,0,NaN,0,NaN
29.08.2020 01:00:00,18936464,NaN,0,NaN,0,NaN
30.08.2020 01:00:00,18967152,NaN,0,NaN,0,NaN
31.08.2020 01:00:00,18983502,NaN,0,NaN,0,NaN
01.09.2020 01:00:00,19008679,NaN,0,NaN,0,NaN
02.09.2020 01:00:00,19037565,NaN,0,NaN,0,NaN
03.09.2020 01:00:00,19066618,NaN,0,NaN,0,NaN
04.09.2020 01:00:00,19099704,NaN,0,NaN,0,NaN
05.09.2020 01:00:00,19131602,NaN,0,NaN,0,NaN
06.09.2020 01:00:00,19163173,NaN,0,NaN,0,NaN
07.09.2020 01:00:00,19194445,NaN,0,NaN,0,NaN
08.09.2020 01:00:00,19225331,NaN,0,NaN,0,NaN
09.09.2020 01:00:00,19256114,NaN,0,NaN,0,NaN
10.09.2020 01:00:00,19278817,NaN,0,NaN,0,NaN
11.09.2020 01:00:00,19292655,NaN,0,NaN,0,NaN
12.09.2020 01:00:00,19295920,NaN,0,NaN,0,NaN
13.09.2020 01:00:00,19307723,NaN,0,NaN,0,NaN
14.09.2020 01:00:00,19340314,NaN,0,NaN,0,NaN
15.09.2020 01:00:00,19372691,NaN,0,NaN,0,NaN
16.09.2020 01:00:00,19404210,NaN,0,NaN,0,NaN
17.09.2020 01:00:00,19435538,NaN,0,NaN,0,NaN
18.09.2020 01:00:00,19463702,NaN,0,NaN,0,NaN
19.09.2020 01:00:00,19490564,NaN,0,NaN,0,NaN
20.09.2020 01:00:00,19518415,NaN,0,NaN,0,NaN
21.09.2020 01:00:00,19545139,NaN,0,NaN,0,NaN
22.09.2020 01:00:00,19570439,NaN,0,NaN,0,NaN
23.09.2020 01:00:00,19597900,NaN,0,NaN,0,NaN
24.09.2020 01:00:00,19621850,NaN,0,NaN,0,NaN
25.09.2020 01:00:00,19644585,NaN,0,NaN,0,NaN
26.09.2020 01:00:00,19673984,NaN,0,NaN,0,NaN
27.09.2020 01:00:00,19703430,NaN,0,NaN,0,NaN
28.09.2020 01:00:00,19732927,NaN,0,NaN,0,NaN
29.09.2020 01:00:00,19757828,NaN,0,NaN,0,NaN
30.09.2020 01:00:00,19787625,NaN,0,NaN,0,NaN
01.10.2020 01:00:00,19817301,NaN,0,NaN,0,NaN
02.10.2020 01:00:00,19847966,NaN,0,NaN,0,NaN
03.10.2020 01:00:00,19878216,NaN,0,NaN,0,NaN
04.10.2020 01:00:00,19907730,NaN,0,NaN,0,NaN
05.10.2020 01:00:00,19929099,NaN,0,NaN,0,NaN
06.10.2020 01:00:00,19957367,NaN,0,NaN,0,NaN
07.10.2020 01:00:00,19985153,NaN,0,NaN,0,NaN
08.10.2020 01:00:00,20012724,NaN,0,NaN,0,NaN
09.10.2020 01:00:00,20040624,NaN,0,NaN,0,NaN
10.10.2020 01:00:00,20067972,NaN,0,NaN,0,NaN
11.10.2020 01:00:00,20095176,NaN,0,NaN,0,NaN
12.10.2020 01:00:00,20122349,NaN,0,NaN,0,NaN
13.10.2020 01:00:00,20149848,NaN,0,NaN,0,NaN
14.10.2020 01:00:00,20175963,NaN,0,NaN,0,NaN
15.10.2020 01:00:00,20204311,NaN,0,NaN,0,NaN
16.10.2020 01:00:00,20231975,NaN,0,NaN,0,NaN
17.10.2020 01:00:00,20259501,NaN,0,NaN,0,NaN
18.10.2020 01:00:00,20287192,NaN,0,NaN,0,NaN
19.10.2020 01:00:00,20314774,NaN,0,NaN,0,NaN
20.10.2020 01:00:00,20342058,NaN,0,NaN,0,NaN
21.10.2020 01:00:00,20368810,NaN,0,NaN,0,NaN
22.10.2020 01:00:00,20395409,NaN,0,NaN,0,NaN
23.10.2020 01:00:00,NaN,NaN,0,NaN,0,NaN
24.10.2020 01:00:00,20447464,NaN,0,NaN,0,NaN
25.10.2020 01:00:00,20471942,NaN,0,NaN,0,NaN
26.10.2020 01:00:00,20496304,NaN,0,NaN,0,NaN
27.10.2020 01:00:00,20518367,NaN,0,NaN,0,NaN
28.10.2020 01:00:00,20536429,NaN,0,NaN,0,NaN
29.10.2020 01:00:00,20553344,NaN,0,NaN,0,NaN
30.10.2020 01:00:00,20580242,NaN,0,NaN,0,NaN
31.10.2020 01:00:00,20607006,NaN,0,NaN,0,NaN
01.11.2020 01:00:00,20632746,NaN,0,NaN,0,NaN
02.11.2020 00:00:00,20657872,NaN,0,NaN,0,NaN
03.11.2020 00:00:00,20683123,NaN,0,NaN,0,NaN
04.11.2020 00:00:00,20707448,NaN,0,NaN,0,NaN
05.11.2020 00:00:00,20731153,NaN,0,NaN,0,NaN
06.11.2020 00:00:00,20750880,NaN,0,NaN,0,NaN
07.11.2020 00:00:00,20774729,NaN,0,NaN,0,NaN
08.11.2020 00:00:00,20798389,NaN,0,NaN,0,NaN
09.11.2020 00:00:00,20811692,NaN,0,NaN,0,NaN
10.11.2020 00:00:00,20816358,NaN,0,NaN,0,NaN
11.11.2020 00:00:00,20827280,NaN,0,NaN,0,NaN
12.11.2020 00:00:00,20839721,NaN,0,NaN,0,NaN
13.11.2020 00:00:00,20860807,NaN,0,NaN,0,NaN
14.11.2020 00:00:00,20883528,NaN,0,NaN,0,NaN
15.11.2020 00:00:00,20903470,NaN,0,NaN,0,NaN
16.11.2020 00:00:00,20927254,NaN,0,NaN,0,NaN
17.11.2020 00:00:00,20942711,NaN,0,NaN,0,NaN
18.11.2020 00:00:00,20966130,NaN,0,NaN,0,NaN
19.11.2020 00:00:00,20989506,NaN,0,NaN,0,NaN
20.11.2020 00:00:00,21012147,NaN,0,NaN,0,NaN
21.11.2020 00:00:00,21028381,NaN,0,NaN,0,NaN
22.11.2020 00:00:00,21050457,NaN,0,NaN,0,NaN
23.11.2020 00:00:00,21065979,NaN,0,NaN,0,NaN
24.11.2020 00:00:00,21082466,NaN,0,NaN,0,NaN
25.11.2020 00:00:00,21098683,NaN,0,NaN,0,NaN
26.11.2020 00:00:00,21111191,NaN,0,NaN,0,NaN
27.11.2020 00:00:00,21119868,NaN,0,NaN,0,NaN
28.11.2020 00:00:00,21141244,NaN,0,NaN,0,NaN
29.11.2020 00:00:00,21152926,NaN,0,NaN,0,NaN
30.11.2020 00:00:00,21172841,NaN,0,NaN,0,NaN
01.12.2020 00:00:00,21194199,NaN,0,NaN,0,NaN
02.12.2020 00:00:00,21214929,NaN,0,NaN,0,NaN
03.12.2020 00:00:00,21235499,NaN,0,NaN,0,NaN
04.12.2020 00:00:00,21256125,NaN,0,NaN,0,NaN
05.12.2020 00:00:00,21270629,NaN,0,NaN,0,NaN
06.12.2020 00:00:00,21290866,NaN,0,NaN,0,NaN
07.12.2020 00:00:00,21310935,NaN,0,NaN,0,NaN
08.12.2020 00:00:00,NaN,NaN,0,NaN,0,NaN
09.12.2020 00:00:00,21350201,NaN,0,NaN,0,NaN
10.12.2020 00:00:00,21369553,NaN,0,NaN,0,NaN
11.12.2020 00:00:00,21388745,NaN,0,NaN,0,NaN
12.12.2020 00:00:00,21407498,NaN,0,NaN,0,NaN
13.12.2020 00:00:00,21409959,NaN,0,NaN,0,NaN
14.12.2020 00:00:00,21416870,NaN,0,NaN,0,NaN
15.12.2020 00:00:00,21418680,NaN,0,NaN,0,NaN
16.12.2020 00:00:00,21436042,NaN,0,NaN,0,NaN
17.12.2020 00:00:00,21443377,NaN,0,NaN,0,NaN
18.12.2020 00:00:00,NaN,NaN,0,NaN,0,NaN
19.12.2020 00:00:00,21479789,NaN,0,NaN,0,NaN
20.12.2020 00:00:00,21488337,NaN,0,NaN,0,NaN
21.12.2020 00:00:00,21500551,NaN,0,NaN,0,NaN
22.12.2020 00:00:00,21518424,NaN,0,NaN,0,NaN
23.12.2020 00:00:00,21536625,NaN,0,NaN,0,NaN
24.12.2020 00:00:00,NaN,NaN,0,NaN,0,NaN
25.12.2020 00:00:00,21569869,NaN,0,NaN,0,NaN
26.12.2020 00:00:00,21586054,NaN,0,NaN,0,NaN
27.12.2020 00:00:00,21605163,NaN,0,NaN,0,NaN
28.12.2020 00:00:00,21622954,NaN,0,NaN,0,NaN
29.12.2020 00:00:00,21640274,NaN,0,NaN,0,NaN
30.12.2020 00:00:00,21646331,NaN,0,NaN,0,NaN
31.12.2020 00:00:00,21652373,NaN,0,NaN,0,NaN
01.01.2021 00:00:00,NaN,NaN,0,NaN,0,NaN
02.01.2021 00:00:00,21679178,NaN,0,NaN,0,NaN
03.01.2021 00:00:00,21686915,NaN,0,NaN,0,NaN
04.01.2021 00:00:00,21700495,NaN,0,NaN,0,NaN
05.01.2021 00:00:00,21719282,NaN,0,NaN,0,NaN
06.01.2021 00:00:00,21729672,NaN,0,NaN,0,NaN
07.01.2021 00:00:00,21748858,NaN,0,NaN,0,NaN
08.01.2021 00:00:00,NaN,NaN,0,NaN,0,NaN
09.01.2021 00:00:00,NaN,NaN,0,NaN,0,NaN
10.01.2021 00:00:00,21807104,NaN,0,NaN,0,NaN
11.01.2021 00:00:00,21825370,NaN,0,NaN,0,NaN
12.01.2021 00:00:00,21833461,NaN,0,NaN,0,NaN
13.01.2021 00:00:00,21853575,NaN,0,NaN,0,NaN
14.01.2021 00:00:00,NaN,NaN,0,NaN,0,NaN
15.01.2021 00:00:00,NaN,NaN,0,NaN,0,NaN
16.01.2021 00:00:00,21910628,NaN,0,NaN,0,NaN
17.01.2021 00:00:00,NaN,NaN,0,NaN,0,NaN
18.01.2021 00:00:00,21952129,NaN,0,NaN,0,NaN
19.01.2021 00:00:00,21974107,NaN,0,NaN,0,NaN
20.01.2021 00:00:00,21996246,NaN,0,NaN,0,NaN
21.01.2021 00:00:00,22008778,NaN,0,NaN,0,NaN
22.01.2021 00:00:00,NaN,NaN,0,NaN,0,NaN
23.01.2021 00:00:00,22031979,NaN,0,NaN,0,NaN
24.01.2021 00:00:00,22047850,NaN,0,NaN,0,NaN
25.01.2021 00:00:00,NaN,NaN,0,NaN,0,NaN
26.01.2021 00:00:00,22064235,NaN,0,NaN,0,NaN
27.01.2021 00:00:00,NaN,NaN,0,NaN,0,NaN
28.01.2021 00:00:00,NaN,NaN,0,NaN,0,NaN
29.01.2021 00:00:00,NaN,NaN,0,NaN,0,NaN
30.01.2021 00:00:00,22101708,NaN,0,NaN,0,NaN
31.01.2021 00:00:00,22118156,NaN,0,NaN,0,NaN
01.02.2021 00:00:00,22135141,NaN,0,NaN,0,NaN
02.02.2021 00:00:00,22161149,NaN,0,NaN,0,NaN
03.02.2021 00:00:00,NaN,NaN,0,NaN,0,NaN
04.02.2021 00:00:00,22198676,NaN,0,NaN,0,NaN
05.02.2021 00:00:00,22211737,NaN,0,NaN,0,NaN
06.02.2021 00:00:00,22227635,NaN,0,NaN,0,NaN
07.02.2021 00:00:00,22253442,NaN,0,NaN,0,NaN
08.02.2021 00:00:00,22278676,NaN,0,NaN,0,NaN
09.02.2021 00:00:00,22304510,NaN,0,NaN,0,NaN
10.02.2021 00:00:00,22329784,NaN,0,NaN,0,NaN
11.02.2021 00:00:00,22353698,NaN,0,NaN,0,NaN
12.02.2021 00:00:00,22364939,NaN,0,NaN,0,NaN
13.02.2021 00:00:00,22374240,NaN,0,NaN,0,NaN
14.02.2021 00:00:00,22401616,NaN,0,NaN,0,NaN
15.02.2021 00:00:00,22410553,NaN,0,NaN,0,NaN
16.02.2021 00:00:00,22413966,NaN,0,NaN,0,NaN
17.02.2021 00:00:00,22417338,NaN,0,NaN,0,NaN
18.02.2021 00:00:00,22438192,NaN,0,NaN,0,NaN
19.02.2021 00:00:00,22450676,NaN,0,NaN,0,NaN
20.02.2021 00:00:00,22478245,NaN,0,NaN,0,NaN
21.02.2021 00:00:00,22508779,NaN,0,NaN,0,NaN
22.02.2021 00:00:00,22538403,NaN,0,NaN,0,NaN
23.02.2021 00:00:00,22566753,NaN,0,NaN,0,NaN
24.02.2021 00:00:00,22597531,NaN,0,NaN,0,NaN
25.02.2021 00:00:00,22627886,NaN,0,NaN,0,NaN
26.02.2021 00:00:00,22657483,NaN,0,NaN,0,NaN
27.02.2021 00:00:00,22687656,NaN,0,NaN,0,NaN
28.02.2021 00:00:00,22717228,NaN,0,NaN,0,NaN
01.03.2021 00:00:00,22748069,NaN,0,NaN,0,NaN
02.03.2021 00:00:00,22774312,NaN,0,NaN,0,NaN
03.03.2021 00:00:00,22806945,NaN,0,NaN,0,NaN
04.03.2021 00:00:00,22838137,NaN,0,NaN,0,NaN
05.03.2021 00:00:00,22869655,NaN,0,NaN,0,NaN
06.03.2021 00:00:00,22900839,NaN,0,NaN,0,NaN
07.03.2021 00:00:00,22915847,NaN,0,NaN,0,NaN
08.03.2021 00:00:00,22946970,NaN,0,NaN,0,NaN
09.03.2021 00:00:00,22972119,NaN,0,NaN,0,NaN
10.03.2021 00:00:00,23001049,NaN,0,NaN,0,NaN
11.03.2021 00:00:00,23020996,NaN,0,NaN,0,NaN
12.03.2021 00:00:00,23042721,NaN,0,NaN,0,NaN
13.03.2021 00:00:00,23069715,NaN,0,NaN,0,NaN
14.03.2021 00:00:00,23088722,NaN,0,NaN,0,NaN
15.03.2021 01:00:00,23116504,NaN,0,NaN,0,NaN
16.03.2021 01:00:00,23120160,NaN,0,NaN,0,NaN
17.03.2021 01:00:00,23152364,NaN,0,NaN,0,NaN
18.03.2021 01:00:00,23162727,NaN,0,NaN,0,NaN
19.03.2021 01:00:00,23193191,NaN,0,NaN,0,NaN
20.03.2021 01:00:00,23226256,NaN,0,NaN,0,NaN
21.03.2021 01:00:00,23258696,NaN,0,NaN,0,NaN
22.03.2021 01:00:00,23285124,NaN,0,NaN,0,NaN
23.03.2021 01:00:00,23310919,NaN,0,NaN,0,NaN
24.03.2021 01:00:00,23342559,NaN,0,NaN,0,NaN
25.03.2021 01:00:00,23355032,NaN,0,NaN,0,NaN
26.03.2021 01:00:00,23363266,NaN,0,NaN,0,NaN
27.03.2021 01:00:00,23381905,NaN,0,NaN,0,NaN
28.03.2021 01:00:00,23404825,NaN,0,NaN,0,NaN
29.03.2021 01:00:00,23440205,NaN,0,NaN,0,NaN
30.03.2021 01:00:00,23475439,NaN,0,NaN,0,NaN
31.03.2021 01:00:00,23510474,NaN,0,NaN,0,NaN
01.04.2021 01:00:00,23546683,NaN,0,NaN,0,NaN
02.04.2021 01:00:00,23582437,NaN,0,NaN,0,NaN
03.04.2021 01:00:00,23617469,NaN,0,NaN,0,NaN
04.04.2021 01:00:00,23652092,NaN,0,NaN,0,NaN
05.04.2021 01:00:00,23686599,NaN,0,NaN,0,NaN
06.04.2021 01:00:00,23720614,NaN,0,NaN,0,NaN
07.04.2021 01:00:00,23750219,NaN,0,NaN,0,NaN
08.04.2021 01:00:00,23787278,NaN,0,NaN,0,NaN
09.04.2021 01:00:00,23823855,NaN,0,NaN,0,NaN
10.04.2021 01:00:00,23858386,NaN,0,NaN,0,NaN
11.04.2021 01:00:00,23895250,NaN,0,NaN,0,NaN
12.04.2021 01:00:00,23931528,NaN,0,NaN,0,NaN
13.04.2021 01:00:00,23967750,NaN,0,NaN,0,NaN
14.04.2021 01:00:00,24002044,NaN,0,NaN,0,NaN
15.04.2021 01:00:00,24018747,NaN,0,NaN,0,NaN
16.04.2021 01:00:00,24054250,NaN,0,NaN,0,NaN
17.04.2021 01:00:00,24082547,NaN,0,NaN,0,NaN
18.04.2021 01:00:00,24118162,NaN,0,NaN,0,NaN
19.04.2021 01:00:00,24148064,NaN,0,NaN,0,NaN
20.04.2021 01:00:00,24183891,NaN,0,NaN,0,NaN
21.04.2021 01:00:00,24221245,NaN,0,NaN,0,NaN
22.04.2021 01:00:00,24258157,NaN,0,NaN,0,NaN
23.04.2021 01:00:00,24286250,NaN,0,NaN,0,NaN
24.04.2021 01:00:00,24311702,NaN,0,NaN,0,NaN
25.04.2021 01:00:00,24342668,NaN,0,NaN,0,NaN
26.04.2021 01:00:00,24375865,NaN,0,NaN,0,NaN
27.04.2021 01:00:00,24410167,NaN,0,NaN,0,NaN
28.04.2021 01:00:00,24430301,NaN,0,NaN,0,NaN
29.04.2021 01:00:00,24447739,NaN,0,NaN,0,NaN
30.04.2021 01:00:00,24475847,NaN,0,NaN,0,NaN
01.05.2021 01:00:00,24512871,NaN,0,NaN,0,NaN
02.05.2021 01:00:00,24549333,NaN,0,NaN,0,NaN
03.05.2021 01:00:00,24579438,NaN,0,NaN,0,NaN
04.05.2021 01:00:00,24614620,NaN,0,NaN,0,NaN
05.05.2021 01:00:00,24637722,NaN,0,NaN,0,NaN
06.05.2021 01:00:00,24674279,NaN,0,NaN,0,NaN
07.05.2021 01:00:00,24711413,NaN,0,NaN,0,NaN
08.05.2021 01:00:00,24748279,NaN,0,NaN,0,NaN
09.05.2021 01:00:00,24780339,NaN,0,NaN,0,NaN
10.05.2021 01:00:00,24810681,NaN,0,NaN,0,NaN
11.05.2021 01:00:00,24843028,NaN,0,NaN,0,NaN
12.05.2021 01:00:00,24874991,NaN,0,NaN,0,NaN
13.05.2021 01:00:00,24913667,NaN,0,NaN,0,NaN
14.05.2021 01:00:00,24951812,NaN,0,NaN,0,NaN
15.05.2021 01:00:00,24989277,NaN,0,NaN,0,NaN
16.05.2021 01:00:00,25026303,NaN,0,NaN,0,NaN
17.05.2021 01:00:00,25061744,NaN,0,NaN,0,NaN
18.05.2021 01:00:00,25097367,NaN,0,NaN,0,NaN
19.05.2021 01:00:00,25122967,NaN,0,NaN,0,NaN
20.05.2021 01:00:00,25143912,NaN,0,NaN,0,NaN
21.05.2021 01:00:00,25180869,NaN,0,NaN,0,NaN
22.05.2021 01:00:00,25216461,NaN,0,NaN,0,NaN
23.05.2021 01:00:00,25230562,NaN,0,NaN,0,NaN
24.05.2021 01:00:00,25252540,NaN,0,NaN,0,NaN
25.05.2021 01:00:00,25285471,NaN,0,NaN,0,NaN
26.05.2021 01:00:00,25320345,NaN,0,NaN,0,NaN
27.05.2021 01:00:00,25355641,NaN,0,NaN,0,NaN
28.05.2021 01:00:00,25375307,NaN,0,NaN,0,NaN
29.05.2021 01:00:00,25412556,NaN,0,NaN,0,NaN
30.05.2021 01:00:00,25448305,NaN,0,NaN,0,NaN
31.05.2021 01:00:00,25477467,NaN,0,NaN,0,NaN
01.06.2021 01:00:00,25514074,NaN,0,NaN,0,NaN
02.06.2021 01:00:00,25540632,NaN,0,NaN,0,NaN
03.06.2021 01:00:00,25574498,NaN,0,NaN,0,NaN
04.06.2021 01:00:00,25611217,NaN,0,NaN,0,NaN
05.06.2021 01:00:00,25638482,NaN,0,NaN,0,NaN
06.06.2021 01:00:00,25673830,NaN,0,NaN,0,NaN
07.06.2021 01:00:00,25702874,NaN,0,NaN,0,NaN
08.06.2021 01:00:00,25736294,NaN,0,NaN,0,NaN
09.06.2021 01:00:00,25770743,NaN,0,NaN,0,NaN
10.06.2021 01:00:00,25807662,NaN,0,NaN,0,NaN
11.06.2021 01:00:00,25843098,NaN,0,NaN,0,NaN
12.06.2021 01:00:00,25877394,NaN,0,NaN,0,NaN
13.06.2021 01:00:00,25914388,NaN,0,NaN,0,NaN
14.06.2021 01:00:00,25950444,NaN,0,NaN,0,NaN
15.06.2021 01:00:00,25986756,NaN,0,NaN,0,NaN
16.06.2021 01:00:00,26022739,NaN,0,NaN,0,NaN
17.06.2021 01:00:00,26056895,NaN,0,NaN,0,NaN
18.06.2021 01:00:00,26088897,NaN,0,NaN,0,NaN
19.06.2021 01:00:00,26116162,NaN,0,NaN,0,NaN
20.06.2021 01:00:00,26149915,NaN,0,NaN,0,NaN
21.06.2021 01:00:00,26178570,NaN,0,NaN,0,NaN
22.06.2021 01:00:00,NaN,NaN,0,NaN,0,NaN
23.06.2021 01:00:00,26241031,NaN,0,NaN,0,NaN
24.06.2021 01:00:00,26276247,NaN,0,NaN,0,NaN
25.06.2021 01:00:00,26295450,NaN,0,NaN,0,NaN
26.06.2021 01:00:00,NaN,NaN,NaN,NaN,NaN,NaN
27.06.2021 01:00:00,26328478,NaN,0,NaN,0,NaN
28.06.2021 01:00:00,26361218,NaN,0,NaN,0,NaN
29.06.2021 01:00:00,26395382,NaN,0,NaN,0,NaN
30.06.2021 01:00:00,26421458,NaN,0,NaN,0,NaN
01.07.2021 01:00:00,26438392,NaN,0,NaN,0,NaN
02.07.2021 01:00:00,26463564,NaN,0,NaN,0,NaN
03.07.2021 01:00:00,26488645,NaN,0,NaN,0,NaN
04.07.2021 01:00:00,26521732,NaN,0,NaN,0,NaN
05.07.2021 01:00:00,26553796,NaN,0,NaN,0,NaN
06.07.2021 01:00:00,26585601,NaN,0,NaN,0,NaN
07.07.2021 01:00:00,26617782,NaN,0,NaN,0,NaN
08.07.2021 01:00:00,26648491,NaN,0,NaN,0,NaN
09.07.2021 01:00:00,26683164,NaN,0,NaN,0,NaN
10.07.2021 01:00:00,26717761,NaN,0,NaN,0,NaN
11.07.2021 01:00:00,26750380,NaN,0,NaN,0,NaN
12.07.2021 01:00:00,26784382,NaN,0,NaN,0,NaN
13.07.2021 01:00:00,26814819,NaN,0,NaN,0,NaN
14.07.2021 01:00:00,26842343,NaN,0,NaN,0,NaN
15.07.2021 01:00:00,26873438,NaN,0,NaN,0,NaN
16.07.2021 01:00:00,26898216,NaN,0,NaN,0,NaN
17.07.2021 01:00:00,26931225,NaN,0,NaN,0,NaN
18.07.2021 01:00:00,26964411,NaN,0,NaN,0,NaN
19.07.2021 01:00:00,26995113,NaN,0,NaN,0,NaN
20.07.2021 01:00:00,27020654,NaN,0,NaN,0,NaN
21.07.2021 01:00:00,27042159,NaN,0,NaN,0,NaN
22.07.2021 01:00:00,27069922,NaN,0,NaN,0,NaN
23.07.2021 01:00:00,27100480,NaN,0,NaN,0,NaN
24.07.2021 01:00:00,27131360,NaN,0,NaN,0,NaN
25.07.2021 01:00:00,27152186,NaN,0,NaN,0,NaN
26.07.2021 01:00:00,27177174,NaN,0,NaN,0,NaN
27.07.2021 01:00:00,27206619,NaN,0,NaN,0,NaN
28.07.2021 01:00:00,27231232,NaN,0,NaN,0,NaN
29.07.2021 01:00:00,27250357,NaN,0,NaN,0,NaN
30.07.2021 01:00:00,27279515,NaN,0,NaN,0,NaN
31.07.2021 01:00:00,27301000,NaN,0,NaN,0,NaN
01.08.2021 01:00:00,27333816,NaN,0,NaN,0,NaN
02.08.2021 01:00:00,27359258,NaN,0,NaN,0,NaN
03.08.2021 01:00:00,27382462,NaN,0,NaN,0,NaN
04.08.2021 01:00:00,27416434,NaN,0,NaN,0,NaN
05.08.2021 01:00:00,27446971,NaN,0,NaN,0,NaN
06.08.2021 01:00:00,27479999,NaN,0,NaN,0,NaN
07.08.2021 01:00:00,27512432,NaN,0,NaN,0,NaN
08.08.2021 01:00:00,27540429,NaN,0,NaN,0,NaN
09.08.2021 01:00:00,27567787,NaN,0,NaN,0,NaN
10.08.2021 01:00:00,27599931,NaN,0,NaN,0,NaN
11.08.2021 01:00:00,27634239,NaN,0,NaN,0,NaN
12.08.2021 01:00:00,27664783,NaN,0,NaN,0,NaN
13.08.2021 01:00:00,27691921,NaN,0,NaN,0,NaN
14.08.2021 01:00:00,27716992,NaN,0,NaN,0,NaN
15.08.2021 01:00:00,27746355,NaN,0,NaN,0,NaN
16.08.2021 01:00:00,27779041,NaN,0,NaN,0,NaN
17.08.2021 01:00:00,27808123,NaN,0,NaN,0,NaN
18.08.2021 01:00:00,27833459,NaN,0,NaN,0,NaN
19.08.2021 01:00:00,27864896,NaN,0,NaN,0,NaN
20.08.2021 01:00:00,27877282,NaN,0,NaN,0,NaN
21.08.2021 01:00:00,27896749,NaN,0,NaN,0,NaN
22.08.2021 01:00:00,27929789,NaN,0,NaN,0,NaN
23.08.2021 01:00:00,27955645,NaN,0,NaN,0,NaN
24.08.2021 01:00:00,27989160,NaN,0,NaN,0,NaN
25.08.2021 01:00:00,28021069,NaN,0,NaN,0,NaN
26.08.2021 01:00:00,28054834,NaN,0,NaN,0,NaN
27.08.2021 01:00:00,28087847,NaN,0,NaN,0,NaN
28.08.2021 01:00:00,28115534,NaN,0,NaN,0,NaN
29.08.2021 01:00:00,28147413,NaN,0,NaN,0,NaN
30.08.2021 01:00:00,28179463,NaN,0,NaN,0,NaN
31.08.2021 01:00:00,28211603,NaN,0,NaN,0,NaN
01.09.2021 01:00:00,28241987,NaN,0,NaN,0,NaN
02.09.2021 01:00:00,28270050,NaN,0,NaN,0,NaN
03.09.2021 01:00:00,28277912,NaN,0,NaN,0,NaN
04.09.2021 01:00:00,28292024,NaN,0,NaN,0,NaN
05.09.2021 01:00:00,28318502,NaN,0,NaN,0,NaN
06.09.2021 01:00:00,28350362,NaN,0,NaN,0,NaN
07.09.2021 01:00:00,28382544,NaN,0,NaN,0,NaN
08.09.2021 01:00:00,28414161,NaN,0,NaN,0,NaN
09.09.2021 01:00:00,28445549,NaN,0,NaN,0,NaN
10.09.2021 01:00:00,28475951,NaN,0,NaN,0,NaN
11.09.2021 01:00:00,28506725,NaN,0,NaN,0,NaN
12.09.2021 01:00:00,28536904,NaN,0,NaN,0,NaN
13.09.2021 01:00:00,28564608,NaN,0,NaN,0,NaN
14.09.2021 01:00:00,28595554,NaN,0,NaN,0,NaN
15.09.2021 01:00:00,28626305,NaN,0,NaN,0,NaN
16.09.2021 01:00:00,28657452,NaN,0,NaN,0,NaN
17.09.2021 01:00:00,28688602,NaN,0,NaN,0,NaN
18.09.2021 01:00:00,28719352,NaN,0,NaN,0,NaN
19.09.2021 01:00:00,28750313,NaN,0,NaN,0,NaN
20.09.2021 01:00:00,28770251,NaN,0,NaN,0,NaN
21.09.2021 01:00:00,28793243,NaN,0,NaN,0,NaN
22.09.2021 01:00:00,28822887,NaN,0,NaN,0,NaN
23.09.2021 01:00:00,28854655,NaN,0,NaN,0,NaN
24.09.2021 01:00:00,28886061,NaN,0,NaN,0,NaN
25.09.2021 01:00:00,28916489,NaN,0,NaN,0,NaN
26.09.2021 01:00:00,28946266,NaN,0,NaN,0,NaN
27.09.2021 01:00:00,28975518,NaN,0,NaN,0,NaN
28.09.2021 01:00:00,28996243,NaN,0,NaN,0,NaN
29.09.2021 01:00:00,29010212,NaN,0,NaN,0,NaN
30.09.2021 01:00:00,29026278,NaN,0,NaN,0,NaN
01.10.2021 01:00:00,29038965,NaN,0,NaN,0,NaN
02.10.2021 01:00:00,29049736,NaN,0,NaN,0,NaN
03.10.2021 01:00:00,29064330,NaN,0,NaN,0,NaN
04.10.2021 01:00:00,29092913,NaN,0,NaN,0,NaN
05.10.2021 01:00:00,29120843,NaN,0,NaN,0,NaN
06.10.2021 01:00:00,29147685,NaN,0,NaN,0,NaN
07.10.2021 01:00:00,29169063,NaN,0,NaN,0,NaN
08.10.2021 01:00:00,29190447,NaN,0,NaN,0,NaN
09.10.2021 01:00:00,29214702,NaN,0,NaN,0,NaN
10.10.2021 01:00:00,29232311,NaN,0,NaN,0,NaN
11.10.2021 01:00:00,29257982,NaN,0,NaN,0,NaN
12.10.2021 01:00:00,29287248,NaN,0,NaN,0,NaN
13.10.2021 01:00:00,29313351,NaN,0,NaN,0,NaN
14.10.2021 01:00:00,29320853,NaN,0,NaN,0,NaN
15.10.2021 01:00:00,29329648,NaN,0,NaN,0,NaN
16.10.2021 01:00:00,29350255,NaN,0,NaN,0,NaN
17.10.2021 01:00:00,29378962,NaN,0,NaN,0,NaN
18.10.2021 01:00:00,29406749,NaN,0,NaN,0,NaN
19.10.2021 01:00:00,29432306,NaN,0,NaN,0,NaN
20.10.2021 01:00:00,29459307,NaN,0,NaN,0,NaN
21.10.2021 01:00:00,29482443,NaN,0,NaN,0,NaN
22.10.2021 01:00:00,29509704,NaN,0,NaN,0,NaN
23.10.2021 01:00:00,29531136,NaN,0,NaN,0,NaN
24.10.2021 01:00:00,29557250,NaN,0,NaN,0,NaN
25.10.2021 01:00:00,NaN,NaN,0,NaN,0,NaN
26.10.2021 01:00:00,29598199,NaN,0,NaN,0,NaN
27.10.2021 01:00:00,29623543,NaN,0,NaN,0,NaN
28.10.2021 01:00:00,29632535,NaN,0,NaN,0,NaN
29.10.2021 01:00:00,29656554,NaN,0,NaN,0,NaN
30.10.2021 01:00:00,29682650,NaN,0,NaN,0,NaN
31.10.2021 01:00:00,29707999,NaN,0,NaN,0,NaN
01.11.2021 01:00:00,29732842,NaN,0,NaN,0,NaN
02.11.2021 01:00:00,29751440,NaN,0,NaN,0,NaN
03.11.2021 01:00:00,29772744,NaN,0,NaN,0,NaN
04.11.2021 01:00:00,29793985,NaN,0,NaN,0,NaN
05.11.2021 01:00:00,29818402,NaN,0,NaN,0,NaN
06.11.2021 01:00:00,29842923,NaN,0,NaN,0,NaN
07.11.2021 01:00:00,29867589,NaN,0,NaN,0,NaN
08.11.2021 00:00:00,29891495,NaN,0,NaN,0,NaN
09.11.2021 00:00:00,29914909,NaN,0,NaN,0,NaN
10.11.2021 00:00:00,29937083,NaN,0,NaN,0,NaN
11.11.2021 00:00:00,29947930,NaN,0,NaN,0,NaN
12.11.2021 00:00:00,29972295,NaN,0,NaN,0,NaN
13.11.2021 00:00:00,29996732,NaN,0,NaN,0,NaN
14.11.2021 00:00:00,30020790,NaN,0,NaN,0,NaN
15.11.2021 00:00:00,30042885,NaN,0,NaN,0,NaN
16.11.2021 00:00:00,30060384,NaN,0,NaN,0,NaN
17.11.2021 00:00:00,30081638,NaN,0,NaN,0,NaN
18.11.2021 00:00:00,30092997,NaN,0,NaN,0,NaN
19.11.2021 00:00:00,30116097,NaN,0,NaN,0,NaN
20.11.2021 00:00:00,30138665,NaN,0,NaN,0,NaN
21.11.2021 00:00:00,30153635,NaN,0,NaN,0,NaN
22.11.2021 00:00:00,30163273,NaN,0,NaN,0,NaN
23.11.2021 00:00:00,30185249,NaN,0,NaN,0,NaN
24.11.2021 00:00:00,30207397,NaN,0,NaN,0,NaN
25.11.2021 00:00:00,30210313,NaN,0,NaN,0,NaN
26.11.2021 00:00:00,30232232,NaN,0,NaN,0,NaN
27.11.2021 00:00:00,30253665,NaN,0,NaN,0,NaN
28.11.2021 00:00:00,30274919,NaN,0,NaN,0,NaN
29.11.2021 00:00:00,30295819,NaN,0,NaN,0,NaN
30.11.2021 00:00:00,30316116,NaN,0,NaN,0,NaN
01.12.2021 00:00:00,30336157,NaN,0,NaN,0,NaN
02.12.2021 00:00:00,30356497,NaN,0,NaN,0,NaN
03.12.2021 00:00:00,30376093,NaN,0,NaN,0,NaN
04.12.2021 00:00:00,30395430,NaN,0,NaN,0,NaN
05.12.2021 00:00:00,30414510,NaN,0,NaN,0,NaN
06.12.2021 00:00:00,30433364,NaN,0,NaN,0,NaN
07.12.2021 00:00:00,30452091,NaN,0,NaN,0,NaN
08.12.2021 00:00:00,30465557,NaN,0,NaN,0,NaN
09.12.2021 00:00:00,30470128,NaN,0,NaN,0,NaN
10.12.2021 00:00:00,30476259,NaN,0,NaN,0,NaN
11.12.2021 00:00:00,30478625,NaN,0,NaN,0,NaN
12.12.2021 00:00:00,30482883,NaN,0,NaN,0,NaN
13.12.2021 00:00:00,30501817,NaN,0,NaN,0,NaN
14.12.2021 00:00:00,30520355,NaN,0,NaN,0,NaN
15.12.2021 00:00:00,NaN,NaN,0,NaN,0,NaN
16.12.2021 00:00:00,30546372,NaN,0,NaN,0,NaN
17.12.2021 00:00:00,30555524,NaN,0,NaN,0,NaN
18.12.2021 00:00:00,30567886,NaN,0,NaN,0,NaN
19.12.2021 00:00:00,30586447,NaN,0,NaN,0,NaN
20.12.2021 00:00:00,30604704,NaN,0,NaN,0,NaN
21.12.2021 00:00:00,30622688,NaN,0,NaN,0,NaN
22.12.2021 00:00:00,30640405,NaN,0,NaN,0,NaN
23.12.2021 00:00:00,30656619,NaN,0,NaN,0,NaN
24.12.2021 00:00:00,30670546,NaN,0,NaN,0,NaN
25.12.2021 00:00:00,30672756,NaN,0,NaN,0,NaN
26.12.2021 00:00:00,30675553,NaN,0,NaN,0,NaN
27.12.2021 00:00:00,NaN,NaN,0,NaN,0,NaN
28.12.2021 00:00:00,30697381,NaN,0,NaN,0,NaN
29.12.2021 00:00:00,30703817,NaN,0,NaN,0,NaN
30.12.2021 00:00:00,30708823,NaN,0,NaN,0,NaN
31.12.2021 00:00:00,30709449,NaN,0,NaN,0,NaN
01.01.2022 00:00:00,30715710,NaN,0,NaN,0,NaN
02.01.2022 00:00:00,30726176,NaN,0,NaN,0,NaN
03.01.2022 00:00:00,30732784,NaN,0,NaN,0,NaN
04.01.2022 00:00:00,30751692,NaN,0,NaN,0,NaN
05.01.2022 00:00:00,30770803,NaN,0,NaN,0,NaN
06.01.2022 00:00:00,30784503,NaN,0,NaN,0,NaN
07.01.2022 00:00:00,30803045,NaN,0,NaN,0,NaN
08.01.2022 00:00:00,30822139,NaN,0,NaN,0,NaN
09.01.2022 00:00:00,30841373,NaN,0,NaN,0,NaN
10.01.2022 00:00:00,30853113,NaN,0,NaN,0,NaN
11.01.2022 00:00:00,30873314,NaN,0,NaN,0,NaN
12.01.2022 00:00:00,30893624,NaN,0,NaN,0,NaN
13.01.2022 00:00:00,30912487,NaN,0,NaN,0,NaN
14.01.2022 00:00:00,30931970,NaN,0,NaN,0,NaN
15.01.2022 00:00:00,30952388,NaN,0,NaN,0,NaN
16.01.2022 00:00:00,30973746,NaN,0,NaN,0,NaN
17.01.2022 00:00:00,30995615,NaN,0,NaN,0,NaN
18.01.2022 00:00:00,31017951,NaN,0,NaN,0,NaN
19.01.2022 00:00:00,31037523,NaN,0,NaN,0,NaN
20.01.2022 00:00:00,31057651,NaN,0,NaN,0,NaN
21.01.2022 00:00:00,31077637,NaN,0,NaN,0,NaN
22.01.2022 00:00:00,31100679,NaN,0,NaN,0,NaN
23.01.2022 00:00:00,31107862,NaN,0,NaN,0,NaN
24.01.2022 00:00:00,31130786,NaN,0,NaN,0,NaN
25.01.2022 00:00:00,31154194,NaN,0,NaN,0,NaN
26.01.2022 00:00:00,31178393,NaN,0,NaN,0,NaN
27.01.2022 00:00:00,31194020,NaN,0,NaN,0,NaN
28.01.2022 00:00:00,31216859,NaN,0,NaN,0,NaN
29.01.2022 00:00:00,31240107,NaN,0,NaN,0,NaN
30.01.2022 00:00:00,31265400,NaN,0,NaN,0,NaN
31.01.2022 00:00:00,31290708,NaN,0,NaN,0,NaN
01.02.2022 00:00:00,31315815,NaN,0,NaN,0,NaN
02.02.2022 00:00:00,31336641,NaN,0,NaN,0,NaN
03.02.2022 00:00:00,31348421,NaN,0,NaN,0,NaN
04.02.2022 00:00:00,31371418,NaN,0,NaN,0,NaN
05.02.2022 00:00:00,31398371,NaN,0,NaN,0,NaN
06.02.2022 00:00:00,31424895,NaN,0,NaN,0,NaN
07.02.2022 00:00:00,31451855,NaN,0,NaN,0,NaN
08.02.2022 00:00:00,31478788,NaN,0,NaN,0,NaN
09.02.2022 00:00:00,31505410,NaN,0,NaN,0,NaN
10.02.2022 00:00:00,31531854,NaN,0,NaN,0,NaN
11.02.2022 00:00:00,31553987,NaN,0,NaN,0,NaN
12.02.2022 00:00:00,31579362,NaN,0,NaN,0,NaN
13.02.2022 00:00:00,31606157,NaN,0,NaN,0,NaN
14.02.2022 00:00:00,31632395,NaN,0,NaN,0,NaN
15.02.2022 00:00:00,31659473,NaN,0,NaN,0,NaN
16.02.2022 00:00:00,31686401,NaN,0,NaN,0,NaN
17.02.2022 00:00:00,31709195,NaN,0,NaN,0,NaN
18.02.2022 00:00:00,31727681,NaN,0,NaN,0,NaN
19.02.2022 00:00:00,31755960,NaN,0,NaN,0,NaN
20.02.2022 00:00:00,31784615,NaN,0,NaN,0,NaN
21.02.2022 00:00:00,31812805,NaN,0,NaN,0,NaN
22.02.2022 00:00:00,31840339,NaN,0,NaN,0,NaN
23.02.2022 00:00:00,31846910,NaN,0,NaN,0,NaN
24.02.2022 00:00:00,31851276,NaN,0,NaN,0,NaN
25.02.2022 00:00:00,31851284,NaN,0,NaN,0,NaN
26.02.2022 00:00:00,31866210,NaN,0,NaN,0,NaN
27.02.2022 00:00:00,31894242,NaN,0,NaN,0,NaN
28.02.2022 00:00:00,31926104,NaN,0,NaN,0,NaN
01.03.2022 00:00:00,NaN,NaN,0,NaN,0,NaN
02.03.2022 00:00:00,31988309,NaN,0,NaN,0,NaN
03.03.2022 00:00:00,32019339,NaN,0,NaN,0,NaN
04.03.2022 00:00:00,32049722,NaN,0,NaN,0,NaN
05.03.2022 00:00:00,32074112,NaN,0,NaN,0,NaN
06.03.2022 00:00:00,32088227,NaN,0,NaN,0,NaN
07.03.2022 00:00:00,32098863,NaN,0,NaN,0,NaN
08.03.2022 00:00:00,32107563,NaN,0,NaN,0,NaN
09.03.2022 00:00:00,NaN,NaN,0,NaN,0,NaN
10.03.2022 00:00:00,32162408,NaN,0,NaN,0,NaN
11.03.2022 00:00:00,32184277,NaN,0,NaN,0,NaN
12.03.2022 00:00:00,32191964,NaN,0,NaN,0,NaN
13.03.2022 00:00:00,32226682,NaN,0,NaN,0,NaN
14.03.2022 01:00:00,32259580,NaN,0,NaN,0,NaN
15.03.2022 01:00:00,32323692,NaN,0,NaN,0,NaN
16.03.2022 01:00:00,32356475,NaN,0,NaN,0,NaN
17.03.2022 01:00:00,32382457,NaN,0,NaN,0,NaN
18.03.2022 01:00:00,32415514,NaN,0,NaN,0,NaN
19.03.2022 01:00:00,32449511,NaN,0,NaN,0,NaN
20.03.2022 01:00:00,32475962,NaN,0,NaN,0,NaN
21.03.2022 01:00:00,32486049,NaN,0,NaN,0,NaN
22.03.2022 01:00:00,32518439,NaN,0,NaN,0,NaN
23.03.2022 01:00:00,32552590,NaN,0,NaN,0,NaN
24.03.2022 01:00:00,32588410,NaN,0,NaN,0,NaN
25.03.2022 01:00:00,32622783,NaN,0,NaN,0,NaN
26.03.2022 01:00:00,32656001,NaN,0,NaN,0,NaN
27.03.2022 01:00:00,32688823,NaN,0,NaN,0,NaN
28.03.2022 01:00:00,32721377,NaN,0,NaN,0,NaN
29.03.2022 01:00:00,32743577,NaN,0,NaN,0,NaN
30.03.2022 01:00:00,32765373,NaN,0,NaN,0,NaN
31.03.2022 01:00:00,32790787,NaN,0,NaN,0,NaN
01.04.2022 01:00:00,32817536,NaN,0,NaN,0,NaN
02.04.2022 01:00:00,32852071,NaN,0,NaN,0,NaN
03.04.2022 01:00:00,32886554,NaN,0,NaN,0,NaN
04.04.2022 01:00:00,32912132,NaN,0,NaN,0,NaN
05.04.2022 01:00:00,32945590,NaN,0,NaN,0,NaN
06.04.2022 01:00:00,32977808,NaN,0,NaN,0,NaN
07.04.2022 01:00:00,33015801,NaN,0,NaN,0,NaN
08.04.2022 01:00:00,33053224,NaN,0,NaN,0,NaN
09.04.2022 01:00:00,33088979,NaN,0,NaN,0,NaN
10.04.2022 01:00:00,33117027,NaN,0,NaN,0,NaN
11.04.2022 01:00:00,33145980,NaN,0,NaN,0,NaN
12.04.2022 01:00:00,33173569,NaN,0,NaN,0,NaN
13.04.2022 01:00:00,33194390,NaN,0,NaN,0,NaN
14.04.2022 01:00:00,33229176,NaN,0,NaN,0,NaN
15.04.2022 01:00:00,33260997,NaN,0,NaN,0,NaN
16.04.2022 01:00:00,33295268,NaN,0,NaN,0,NaN
17.04.2022 01:00:00,33329222,NaN,0,NaN,0,NaN
18.04.2022 01:00:00,33365155,NaN,0,NaN,0,NaN
19.04.2022 01:00:00,33393475,NaN,0,NaN,0,NaN
20.04.2022 01:00:00,33421365,NaN,0,NaN,0,NaN
21.04.2022 01:00:00,33456733,NaN,0,NaN,0,NaN
22.04.2022 01:00:00,33492010,NaN,0,NaN,0,NaN
23.04.2022 01:00:00,33512449,NaN,0,NaN,0,NaN
24.04.2022 01:00:00,33542711,NaN,0,NaN,0,NaN
25.04.2022 01:00:00,33570533,NaN,0,NaN,0,NaN
26.04.2022 01:00:00,33606560,NaN,0,NaN,0,NaN
27.04.2022 01:00:00,33633269,NaN,0,NaN,0,NaN
28.04.2022 01:00:00,33665855,NaN,0,NaN,0,NaN
29.04.2022 01:00:00,33697623,NaN,0,NaN,0,NaN
30.04.2022 01:00:00,33735207,NaN,0,NaN,0,NaN
01.05.2022 01:00:00,33772198,NaN,0,NaN,0,NaN
02.05.2022 01:00:00,33807165,NaN,0,NaN,0,NaN
03.05.2022 01:00:00,33844580,NaN,0,NaN,0,NaN
04.05.2022 01:00:00,33865657,NaN,0,NaN,0,NaN
05.05.2022 01:00:00,33897189,NaN,0,NaN,0,NaN
06.05.2022 01:00:00,33934342,NaN,0,NaN,0,NaN
07.05.2022 01:00:00,33970529,NaN,0,NaN,0,NaN
08.05.2022 01:00:00,34004777,NaN,0,NaN,0,NaN
09.05.2022 01:00:00,34040333,NaN,0,NaN,0,NaN
10.05.2022 01:00:00,34076412,NaN,0,NaN,0,NaN
11.05.2022 01:00:00,34111467,NaN,0,NaN,0,NaN
12.05.2022 01:00:00,34136782,NaN,0,NaN,0,NaN
13.05.2022 01:00:00,34175724,NaN,0,NaN,0,NaN
14.05.2022 01:00:00,34212757,NaN,0,NaN,0,NaN
15.05.2022 01:00:00,34249577,NaN,0,NaN,0,NaN
16.05.2022 01:00:00,34285808,NaN,0,NaN,0,NaN
17.05.2022 01:00:00,34316310,NaN,0,NaN,0,NaN
18.05.2022 01:00:00,34351570,NaN,0,NaN,0,NaN
19.05.2022 01:00:00,34387790,NaN,0,NaN,0,NaN
20.05.2022 01:00:00,34417714,NaN,0,NaN,0,NaN
21.05.2022 01:00:00,34454686,NaN,0,NaN,0,NaN
22.05.2022 01:00:00,34489919,NaN,0,NaN,0,NaN
23.05.2022 01:00:00,34522466,NaN,0,NaN,0,NaN
24.05.2022 01:00:00,34541158,NaN,0,NaN,0,NaN
25.05.2022 01:00:00,34577843,NaN,0,NaN,0,NaN
26.05.2022 01:00:00,34615620,NaN,0,NaN,0,NaN
27.05.2022 01:00:00,34651910,NaN,0,NaN,0,NaN
28.05.2022 01:00:00,34686009,NaN,0,NaN,0,NaN
29.05.2022 01:00:00,34716491,NaN,0,NaN,0,NaN
30.05.2022 01:00:00,34739872,NaN,0,NaN,0,NaN
31.05.2022 01:00:00,34772144,NaN,0,NaN,0,NaN
01.06.2022 01:00:00,34810069,NaN,0,NaN,0,NaN
02.06.2022 01:00:00,34846798,NaN,0,NaN,0,NaN
03.06.2022 01:00:00,34883512,NaN,0,NaN,0,NaN
04.06.2022 01:00:00,34917190,NaN,0,NaN,0,NaN
05.06.2022 01:00:00,34948397,NaN,0,NaN,0,NaN
06.06.2022 01:00:00,34981929,NaN,0,NaN,0,NaN
07.06.2022 01:00:00,35017047,NaN,0,NaN,0,NaN
08.06.2022 01:00:00,35052648,NaN,0,NaN,0,NaN
09.06.2022 01:00:00,35088052,NaN,0,NaN,0,NaN
10.06.2022 01:00:00,35122747,NaN,0,NaN,0,NaN
11.06.2022 01:00:00,35158030,NaN,0,NaN,0,NaN
12.06.2022 01:00:00,35191432,NaN,0,NaN,0,NaN
13.06.2022 01:00:00,35219605,NaN,0,NaN,0,NaN
14.06.2022 01:00:00,35250960,NaN,0,NaN,0,NaN
15.06.2022 01:00:00,35287694,NaN,0,NaN,0,NaN
16.06.2022 01:00:00,35324362,NaN,0,NaN,0,NaN
17.06.2022 01:00:00,35359067,NaN,0,NaN,0,NaN
18.06.2022 01:00:00,35381683,NaN,0,NaN,0,NaN
19.06.2022 01:00:00,35396963,NaN,0,NaN,0,NaN
20.06.2022 01:00:00,35425992,NaN,0,NaN,0,NaN
21.06.2022 01:00:00,35463811,NaN,0,NaN,0,NaN
22.06.2022 01:00:00,35491722,NaN,0,NaN,0,NaN
23.06.2022 01:00:00,35517120,NaN,0,NaN,0,NaN
24.06.2022 01:00:00,35547041,NaN,0,NaN,0,NaN
25.06.2022 01:00:00,35580645,NaN,0,NaN,0,NaN
26.06.2022 01:00:00,35605859,NaN,0,NaN,0,NaN
27.06.2022 01:00:00,35625191,NaN,0,NaN,0,NaN
28.06.2022 01:00:00,35660460,NaN,0,NaN,0,NaN
29.06.2022 01:00:00,35691340,NaN,0,NaN,0,NaN
30.06.2022 01:00:00,35716462,NaN,0,NaN,0,NaN
01.07.2022 01:00:00,35738374,NaN,0,NaN,0,NaN
02.07.2022 01:00:00,35764477,NaN,0,NaN,0,NaN
03.07.2022 01:00:00,35788641,NaN,0,NaN,0,NaN
04.07.2022 01:00:00,35814504,NaN,0,NaN,0,NaN
05.07.2022 01:00:00,35838557,NaN,0,NaN,0,NaN
06.07.2022 01:00:00,35856925,NaN,0,NaN,0,NaN
07.07.2022 01:00:00,35878270,NaN,0,NaN,0,NaN
08.07.2022 01:00:00,35914309,NaN,0,NaN,0,NaN
09.07.2022 01:00:00,35950003,NaN,0,NaN,0,NaN
10.07.2022 01:00:00,35976645,NaN,0,NaN,0,NaN
11.07.2022 01:00:00,36004247,NaN,0,NaN,0,NaN
12.07.2022 01:00:00,36032696,NaN,0,NaN,0,NaN
13.07.2022 01:00:00,36064730,NaN,0,NaN,0,NaN
14.07.2022 01:00:00,36099489,NaN,0,NaN,0,NaN
15.07.2022 01:00:00,36131636,NaN,0,NaN,0,NaN
16.07.2022 01:00:00,36163047,NaN,0,NaN,0,NaN
17.07.2022 01:00:00,36194983,NaN,0,NaN,0,NaN
18.07.2022 01:00:00,36227576,NaN,0,NaN,0,NaN
19.07.2022 01:00:00,36260004,NaN,0,NaN,0,NaN
20.07.2022 01:00:00,36293930,NaN,0,NaN,0,NaN
21.07.2022 01:00:00,36323921,NaN,0,NaN,0,NaN
22.07.2022 01:00:00,36355499,NaN,0,NaN,0,NaN
23.07.2022 01:00:00,36389261,NaN,0,NaN,0,NaN
24.07.2022 01:00:00,36422349,NaN,0,NaN,0,NaN
25.07.2022 01:00:00,36441110,NaN,0,NaN,0,NaN
26.07.2022 01:00:00,36465247,NaN,0,NaN,0,NaN
27.07.2022 01:00:00,36483470,NaN,0,NaN,0,NaN
28.07.2022 01:00:00,36503330,NaN,0,NaN,0,NaN
29.07.2022 01:00:00,36527087,NaN,0,NaN,0,NaN
30.07.2022 01:00:00,36541530,NaN,0,NaN,0,NaN
31.07.2022 01:00:00,36556803,NaN,0,NaN,0,NaN
01.08.2022 01:00:00,36586949,NaN,0,NaN,0,NaN
02.08.2022 01:00:00,36620196,NaN,0,NaN,0,NaN
03.08.2022 01:00:00,36654260,NaN,0,NaN,0,NaN
04.08.2022 01:00:00,36684246,NaN,0,NaN,0,NaN
05.08.2022 01:00:00,36711190,NaN,0,NaN,0,NaN
06.08.2022 01:00:00,36733765,NaN,0,NaN,0,NaN
07.08.2022 01:00:00,36762419,NaN,0,NaN,0,NaN
08.08.2022 01:00:00,36795957,NaN,0,NaN,0,NaN
09.08.2022 01:00:00,36825615,NaN,0,NaN,0,NaN
10.08.2022 01:00:00,36853338,NaN,0,NaN,0,NaN
11.08.2022 01:00:00,36873394,NaN,0,NaN,0,NaN
12.08.2022 01:00:00,36904618,NaN,0,NaN,0,NaN
13.08.2022 01:00:00,36935377,NaN,0,NaN,0,NaN
14.08.2022 01:00:00,36961910,NaN,0,NaN,0,NaN
15.08.2022 01:00:00,36989266,NaN,0,NaN,0,NaN
16.08.2022 01:00:00,37011529,NaN,0,NaN,0,NaN
17.08.2022 01:00:00,37043539,NaN,0,NaN,0,NaN
18.08.2022 01:00:00,37066516,NaN,0,NaN,0,NaN
19.08.2022 01:00:00,37087436,NaN,0,NaN,0,NaN
20.08.2022 01:00:00,37105932,NaN,0,NaN,0,NaN
21.08.2022 01:00:00,37127776,NaN,0,NaN,0,NaN
22.08.2022 01:00:00,37157928,NaN,0,NaN,0,NaN
23.08.2022 01:00:00,37188447,NaN,0,NaN,0,NaN
24.08.2022 01:00:00,37214254,NaN,0,NaN,0,NaN
25.08.2022 01:00:00,37238245,NaN,0,NaN,0,NaN
26.08.2022 01:00:00,37259761,NaN,0,NaN,0,NaN
27.08.2022 01:00:00,37280302,NaN,0,NaN,0,NaN
28.08.2022 01:00:00,37312725,NaN,0,NaN,0,NaN
29.08.2022 01:00:00,37342482,NaN,0,NaN,0,NaN
30.08.2022 01:00:00,37374724,NaN,0,NaN,0,NaN
31.08.2022 01:00:00,37402810,NaN,0,NaN,0,NaN
01.09.2022 01:00:00,37432228,NaN,0,NaN,0,NaN
02.09.2022 01:00:00,37461054,NaN,0,NaN,0,NaN
03.09.2022 01:00:00,37491611,NaN,0,NaN,0,NaN
04.09.2022 01:00:00,37519978,NaN,0,NaN,0,NaN
05.09.2022 01:00:00,37551443,NaN,0,NaN,0,NaN
06.09.2022 01:00:00,37581912,NaN,0,NaN,0,NaN
07.09.2022 01:00:00,37606673,NaN,0,NaN,0,NaN
08.09.2022 01:00:00,37637150,NaN,0,NaN,0,NaN
09.09.2022 01:00:00,37666605,NaN,0,NaN,0,NaN
10.09.2022 01:00:00,37696514,NaN,0,NaN,0,NaN
11.09.2022 01:00:00,37721964,NaN,0,NaN,0,NaN
12.09.2022 01:00:00,37749486,NaN,0,NaN,0,NaN
13.09.2022 01:00:00,37775872,NaN,0,NaN,0,NaN
14.09.2022 01:00:00,37789086,NaN,0,NaN,0,NaN
15.09.2022 01:00:00,37798097,NaN,0,NaN,0,NaN
16.09.2022 01:00:00,37826499,NaN,0,NaN,0,NaN
17.09.2022 01:00:00,37855359,NaN,0,NaN,0,NaN
18.09.2022 01:00:00,37886345,NaN,0,NaN,0,NaN
19.09.2022 01:00:00,37916895,NaN,0,NaN,0,NaN
20.09.2022 01:00:00,37937808,NaN,0,NaN,0,NaN
21.09.2022 01:00:00,37952346,NaN,0,NaN,0,NaN
22.09.2022 01:00:00,37958169,NaN,0,NaN,0,NaN
23.09.2022 01:00:00,37976271,NaN,0,NaN,0,NaN
24.09.2022 01:00:00,38006866,NaN,0,NaN,0,NaN
25.09.2022 01:00:00,38037564,NaN,0,NaN,0,NaN
26.09.2022 01:00:00,38067248,NaN,0,NaN,0,NaN
27.09.2022 01:00:00,38094096,NaN,0,NaN,0,NaN
28.09.2022 01:00:00,38112074,NaN,0,NaN,0,NaN
29.09.2022 01:00:00,38139204,NaN,0,NaN,0,NaN
30.09.2022 01:00:00,38157199,NaN,0,NaN,0,NaN
01.10.2022 01:00:00,38182904,NaN,0,NaN,0,NaN
02.10.2022 01:00:00,38196924,NaN,0,NaN,0,NaN
03.10.2022 01:00:00,38216875,NaN,0,NaN,0,NaN
04.10.2022 01:00:00,38233541,NaN,0,NaN,0,NaN
05.10.2022 01:00:00,38263206,NaN,0,NaN,0,NaN
06.10.2022 01:00:00,38282519,NaN,0,NaN,0,NaN
07.10.2022 01:00:00,38303253,NaN,0,NaN,0,NaN
08.10.2022 01:00:00,38327693,NaN,0,NaN,0,NaN
09.10.2022 01:00:00,38349671,NaN,0,NaN,0,NaN
10.10.2022 01:00:00,38374622,NaN,0,NaN,0,NaN
11.10.2022 01:00:00,38402395,NaN,0,NaN,0,NaN
12.10.2022 01:00:00,38430200,NaN,0,NaN,0,NaN
13.10.2022 01:00:00,38457942,NaN,0,NaN,0,NaN
14.10.2022 01:00:00,38485775,NaN,0,NaN,0,NaN
15.10.2022 01:00:00,38513520,NaN,0,NaN,0,NaN
16.10.2022 01:00:00,38540807,NaN,0,NaN,0,NaN
17.10.2022 01:00:00,38556957,NaN,0,NaN,0,NaN
18.10.2022 01:00:00,38578551,NaN,0,NaN,0,NaN
19.10.2022 01:00:00,38605188,NaN,0,NaN,0,NaN
20.10.2022 01:00:00,38632022,NaN,0,NaN,0,NaN
21.10.2022 01:00:00,38658570,NaN,0,NaN,0,NaN
22.10.2022 01:00:00,38684584,NaN,0,NaN,0,NaN
23.10.2022 01:00:00,38708942,NaN,0,NaN,0,NaN
24.10.2022 01:00:00,38728100,NaN,0,NaN,0,NaN
25.10.2022 01:00:00,38749526,NaN,0,NaN,0,NaN
26.10.2022 01:00:00,38776071,NaN,0,NaN,0,NaN
27.10.2022 01:00:00,38801180,NaN,0,NaN,0,NaN
28.10.2022 01:00:00,38807344,NaN,0,NaN,0,NaN
29.10.2022 01:00:00,38833616,NaN,0,NaN,0,NaN
30.10.2022 01:00:00,38857916,NaN,0,NaN,0,NaN
31.10.2022 01:00:00,38881084,NaN,0,NaN,0,NaN
01.11.2022 01:00:00,38906347,NaN,0,NaN,0,NaN
02.11.2022 01:00:00,38924334,NaN,0,NaN,0,NaN
03.11.2022 01:00:00,38948852,NaN,0,NaN,0,NaN
04.11.2022 01:00:00,38956062,NaN,0,NaN,0,NaN
05.11.2022 01:00:00,38971711,NaN,0,NaN,0,NaN
06.11.2022 01:00:00,38990927,NaN,0,NaN,0,NaN
07.11.2022 00:00:00,39012952,NaN,0,NaN,0,NaN
08.11.2022 00:00:00,39037413,NaN,0,NaN,0,NaN
09.11.2022 00:00:00,39061430,NaN,0,NaN,0,NaN
10.11.2022 00:00:00,39074816,NaN,0,NaN,0,NaN
11.11.2022 00:00:00,39090249,NaN,0,NaN,0,NaN
12.11.2022 00:00:00,39115263,NaN,0,NaN,0,NaN
13.11.2022 00:00:00,39135694,NaN,0,NaN,0,NaN
14.11.2022 00:00:00,39150352,NaN,0,NaN,0,NaN
15.11.2022 00:00:00,39172191,NaN,0,NaN,0,NaN
16.11.2022 00:00:00,39196591,NaN,0,NaN,0,NaN
17.11.2022 00:00:00,39220168,NaN,0,NaN,0,NaN
18.11.2022 00:00:00,39243839,NaN,0,NaN,0,NaN
12.11.2022 00:00:00,39115263,NaN,0,NaN,0,NaN
13.11.2022 00:00:00,39135694,NaN,0,NaN,0,NaN
14.11.2022 00:00:00,39150352,NaN,0,NaN,0,NaN
15.11.2022 00:00:00,39172191,NaN,0,NaN,0,NaN
16.11.2022 00:00:00,39196591,NaN,0,NaN,0,NaN
17.11.2022 00:00:00,39220168,NaN,0,NaN,0,NaN
18.11.2022 00:00:00,39243839,NaN,0,NaN,0,NaN
19.11.2022 00:00:00,39266418,NaN,0,NaN,0,NaN
20.11.2022 00:00:00,39289390,NaN,0,NaN,0,NaN
21.11.2022 00:00:00,39312462,NaN,0,NaN,0,NaN
22.11.2022 00:00:00,39335129,NaN,0,NaN,0,NaN
23.11.2022 00:00:00,39354200,NaN,0,NaN,0,NaN
24.11.2022 00:00:00,39369893,NaN,0,NaN,0,NaN
25.11.2022 00:00:00,39391423,NaN,0,NaN,0,NaN
26.11.2022 00:00:00,39412731,NaN,NaN,NaN,NaN,NaN
