datetime,tempmax,tempmin,precip,precipcover,snow,snowdepth,cloudcover,solarradiation,solarenergy
2018-06-14,84.4,53.2,0,0,0,0,21.8,191.7,16.6
2018-06-15,87.3,50,0,0,0,0,11.5,220.4,18.9
2018-06-16,75.1,59.3,0.362,37.5,0,0,83.3,86,7.3
2018-06-17,75.9,55.5,0.985,33.33,0,0,76.1,240.3,20.8
2018-06-18,82.9,50.2,0,0,0,0,2.9,308.5,26.6
2018-06-19,84,48.8,0,0,0,0,0,184.5,16
2018-06-20,87.2,47.2,0,0,0,0,0,316.1,27.3
2018-06-21,92.1,48.7,0,0,0,0,0,353,30.4
2018-06-22,91.2,51.7,0,0,0,0,0,349.8,30.4
2018-06-23,90.1,48.3,0,0,0,0,0,393.5,34.1
2018-06-24,86.4,50,0,0,0,0,0,337,29
2018-06-25,89.3,45.8,0,0,0,0,0,328.5,28.5
2018-06-26,94.3,49,0,0,0,0,0,351.7,30.5
2018-06-27,96.3,50.9,0,0,0,0,0,335.7,29.2
2018-06-28,94,49.8,0,0,0,0,0,349.8,30.3
2018-06-29,88.7,51,0,0,0,0,0,274.9,23.6
2018-06-30,87.4,51,0,0,0,0,0,277.4,24
2018-07-01,89.2,49.3,0,0,0,0,0,314.5,27
2018-07-02,92.1,48.1,0,0,0,0,0,213.3,18.4
2018-07-03,89.2,54.4,0,0,0,0,0,300,25.8
2018-07-04,91.8,53,0,0,0,0,0,330.3,28.5
2018-07-05,93.2,59.9,0.14,12.5,0,0,28.2,250.3,21.7
2018-07-06,88.7,57,0.183,12.5,0,0,18.3,228.2,19.6
2018-07-07,90.7,58.1,0.005,12.5,0,0,3.5,130.7,11.3
2018-07-08,89.9,56.7,0,0,0,0,11,221.5,19.2
2018-07-09,90.5,54.6,0.023,8.33,0,0,17.3,195.8,17
2018-07-10,89.7,57.3,0.186,4.17,0,0,4.8,259.1,22.3
2018-07-11,86.2,57.3,0.025,12.5,0,0,14,170.1,14.5
2018-07-12,86.5,57.8,0,0,0,0,30.7,174.8,15.1
2018-07-13,85.9,59,0.149,8.33,0,0,25.5,78.2,6.6
2018-07-14,86.2,63,0,0,0,0,19.3,232.3,20
2018-07-15,86.7,60.2,0,0,0,0,23.8,258.8,22.3
2018-07-16,89,60.3,0.108,4.17,0,0,34.7,224.8,19.3
2018-07-17,88.9,57.6,0.275,8.33,0,0,16.3,334.2,28.8
2018-07-18,91.3,56.6,0,0,0,0,3.8,264.3,22.8
2018-07-19,97.1,59.9,0,0,0,0,0,158.8,13.7
2018-07-20,91.2,68,0,0,0,0,10.6,207.6,18
2018-07-21,94,61.6,0,0,0,0,13.3,235.8,20.4
2018-07-22,93.2,60.6,0,0,0,0,2,171,14.7
2018-07-23,96.2,58.4,0,0,0,0,9.2,195,16.7
2018-07-24,94.2,62.1,0,0,0,0,5.5,246.2,21.2
2018-07-25,92.4,60.4,0.159,4.17,0,0,14.7,305.6,26.4
2018-07-26,94.1,58,0,0,0,0,1.2,156.9,13.5
2018-07-27,90.2,61,0,0,0,0,5.2,231,20.1
2018-07-28,91,56.2,0.005,4.17,0,0,1.2,184.8,15.9
2018-07-29,93,54.1,0,0,0,0,3.3,175.3,15.2
2018-07-30,93,54.3,0,0,0,0,4.8,127,11.1
2018-07-31,91.3,51.1,0,0,0,0,0,249,21.5
2018-08-01,93.3,52.5,0,0,0,0,0,229,19.9
2018-08-02,92.8,56.9,0,0,0,0,16,217.2,18.8
2018-08-03,87,65.6,0,0,0,0,43.2,218,18.8
2018-08-04,92.6,54.8,0,0,0,0,17.1,209.3,18.2
2018-08-05,93,61.7,0,0,0,0,13.5,286.8,24.8
2018-08-06,94.1,51.7,0,0,0,0,0,207.9,18.1
2018-08-07,94.2,50.1,0,0,0,0,2.1,221.2,18.9
2018-08-08,94.1,49.9,0,0,0,0,8.5,195.2,16.7
2018-08-09,90.9,49.7,0,0,0,0,5.2,178,15.2
2018-08-10,87.2,56.4,0.05,8.33,0,0,14.8,182,15.5
2018-08-11,86.3,51.9,0,0,0,0,0,99.4,8.6
2018-08-12,88.5,56.3,0,0,0,0,8.5,158.5,13.7
2018-08-13,92.3,56.4,0,0,0,0,3,195.5,16.8
2018-08-14,91.4,54.4,0,0,0,0,7,103.7,8.9
2018-08-15,84.3,59.6,0,0,0,0,25.5,129.1,11.1
2018-08-16,88,60.7,0,0,0,0,41.7,153.5,13.2
2018-08-17,87.3,62.8,0,0,0,0,34.7,130.7,11.2
2018-08-18,87.1,62.1,0.012,8.33,0,0,26.6,212.9,18.4
2018-08-19,87.2,48.8,0,0,0,0,0,90.7,7.8
2018-08-20,90.2,47,0,0,0,0,0,144.8,12.6
2018-08-21,84.6,60.6,0.012,4.17,0,0,27.3,95.3,8.3
2018-08-22,75.3,57.9,0.147,12.5,0,0,59.5,236.6,20.6
2018-08-23,83.1,51.6,0,0,0,0,10.2,122.9,10.7
2018-08-24,85.3,51,0,0,0,0,0,152.6,13.2
2018-08-25,80.9,54.6,0,0,0,0,28.7,146.1,12.7
2018-08-26,83.7,50.5,0,0,0,0,13.9,277,23.9
2018-08-27,85.1,58.2,0,0,0,0,15.9,284.2,24.7
2018-08-28,85.1,47.3,0,0,0,0,0,263.9,22.9
2018-08-29,85.2,45.4,0,0,0,0,0,46.2,4.1
2018-08-30,88.3,46.7,0,0,0,0,0,150.9,13
2018-08-31,83.9,50.1,0,0,0,0,1.1,93.9,8.1
2018-09-01,77.5,52.1,1.309,16.67,0,0,49.6,108,9.4
2018-09-02,74.4,44.6,0,0,0,0,4.4,60.6,5.3
2018-09-03,77,48.6,0,0,0,0,9.3,131.7,11.3
2018-09-04,78,47.7,0.001,4.17,0,0,9.9,186.1,16.2
2018-09-05,79.4,49.4,0,0,0,0,32,184.1,15.8
2018-09-06,77,52.2,0,0,0,0,15.2,107.7,9.4
2018-09-07,85,46.1,0,0,0,0,13.8,82.1,7.2
2018-09-08,85.2,45.4,0,0,0,0,0,121.7,10.5
2018-09-09,86.2,54.7,0,0,0,0,12.3,173.6,15
2018-09-10,86.2,48.4,0,0,0,0,3.3,247.1,21.4
2018-09-11,86.3,49.2,0,0,0,0,0,205.8,17.9
2018-09-12,87.1,48.1,0,0,0,0,1.9,302.9,26.1
2018-09-13,83.2,42.5,0,0,0,0,0,230.4,20
2018-09-14,85.2,40.9,0,0,0,0,0,238.4,20.7
2018-09-15,87.4,44.4,0,0,0,0,5.4,221.6,19.1
2018-09-16,86.3,49.4,0,0,0,0,3,175.4,15.2
2018-09-17,87.4,48.7,0,0,0,0,1.9,139.8,12.1
2018-09-18,87.3,49.6,0,0,0,0,1.1,166,14.3
2018-09-19,68.1,50.3,0.075,25,0,0,51.9,38.3,3.2
2018-09-20,78,48.8,0,0,0,0,13,104.8,9
2018-09-21,81.4,38.8,0,0,0,0,0,106.8,9.1
2018-09-22,80.2,45.8,0,0,0,0,0,224.5,19.5
2018-09-23,80.3,41.5,0,0,0,0,26.1,60.5,5.2
2018-09-24,79.1,52.1,0,0,0,0,51.8,77.9,6.8
2018-09-25,79.2,45.8,0,0,0,0,10,142.6,12.4
2018-09-26,76.3,43.2,0,0,0,0,19.8,75.5,6.5
2018-09-27,77.6,34.2,0,0,0,0,0,188.3,16.2
2018-09-28,81.4,37,0,0,0,0,0,200.5,17.4
2018-09-29,80.1,39.9,0,0,0,0,0,62.1,5.5
2018-09-30,79.9,46.9,0,0,0,0,10.9,207.7,18
2018-10-01,69.2,52.6,0,0,0,0,72.5,71.3,5.9
2018-10-02,64.9,55.5,0.339,62.5,0,0,89.2,78,6.7
2018-10-03,74.1,54.8,0.104,12.5,0,0,38.5,213.5,18.3
2018-10-04,69.2,50.2,0.081,12.5,0,0,54.6,175.2,15.2
2018-10-05,63.5,42.2,0,0,0,0,48.8,147.8,12.6
2018-10-06,64.9,36.1,0,0,0,0,53.8,109.5,9.5
2018-10-07,53.1,44.1,0.269,29.17,0,0,76.8,56.7,4.9
2018-10-08,52,38.5,0.062,16.67,0,0,82.1,173.7,15.1
2018-10-09,52.3,40.7,0.024,8.33,0,0,81.5,115.2,10
2018-10-10,56.7,42.5,0.024,12.5,0,0,84.3,94.4,8.2
2018-10-11,51.4,43.6,0.335,45.83,0,0,88.2,70.5,6
2018-10-12,59.5,39.5,0,0,0,0,18.8,168.5,14.5
2018-10-13,61.1,32.7,0,0,0,0,1.3,199.2,17.4
2018-10-14,53.2,36.1,0,0,0,0,29.2,187.3,16.1
2018-10-15,49.3,23.1,0,0,0,0,3.1,203.4,17.5
2018-10-16,58.6,25.5,0.001,4.17,0,0,25.9,164.1,14.1
2018-10-17,53.1,37.4,0.086,20.83,0,0,86.8,67.1,5.7
2018-10-18,56,36.2,0.006,4.17,0,0,70.6,137.3,11.9
2018-10-19,58.6,27.8,0,0,0,0,0,190.8,16.5
2018-10-20,68.3,32.1,0,0,0,0,2.4,174.3,15.1
2018-10-21,69.2,42.6,0,0,0,0,30.7,177.1,15.2
2018-10-22,71,37.1,0.091,12.5,0,0,18.5,167,14.3
2018-10-23,61.6,43.3,0.001,4.17,0,0,50.4,97.9,8.7
2018-10-24,63.2,43,0.012,8.33,0,0,49.3,161.9,13.8
2018-10-25,60.3,32.7,0,0,0,0,20.4,107.8,9.3
2018-10-26,64,30.6,0,0,0,0,0,169.7,14.7
2018-10-27,65.3,30.9,0,0,0,0,0,172.1,14.9
2018-10-28,69.4,31.1,0,0,0,0,0,173.6,15
2018-10-29,70.7,34.8,0,0,0,0,0,149.2,13
2018-10-30,59.1,37.6,0.082,16.67,0,0,44.5,69.5,6
2018-10-31,52.1,31.5,0,0,0,0,9.3,148.4,12.7
2018-11-01,54.1,25.6,0,0,0,0,16.6,159.4,13.8
2018-11-02,57.1,26.9,0,0,0,0,0,162,13.9
2018-11-03,55,30.4,0,0,0,0,9.2,133.6,11.5
2018-11-04,51.3,22.3,0,0,0,0,35.2,109.1,9.7
2018-11-05,55.2,29.2,0,0,0,0,22.3,137,11.8
2018-11-06,56.3,21,0,0,0,0,0,160.4,13.7
2018-11-07,54.4,17.9,0,0,0,0,8.8,133.6,11.5
2018-11-08,46.1,17.9,0,0,0,0,0,158,13.6
2018-11-09,47.5,9.8,0,0,0,0,0,140.8,12.1
2018-11-10,52.3,12.2,0,0,0,0,0,152.5,13.1
2018-11-11,46.3,19.1,0,0,0,0,23.2,140.7,12.1
2018-11-12,36.9,15.3,0,0,0,0,2.9,125.7,11
2018-11-13,44.5,7.9,0,0,0,0,0,127.9,11
2018-11-14,47.6,12.6,0,0,0,0,0,155.1,13.5
2018-11-15,49.9,14.9,0,0,0,0,0,152.8,13.2
2018-11-16,53.4,17.3,0,0,0,0,0,167.1,14.4
2018-11-17,54.6,18,0,0,0,0,0,140.3,11.9
2018-11-18,49.2,19,0,0,0,0,1,142,12.4
2018-11-19,46.5,13.3,0,0,0,0,0,142.3,12.3
2018-11-20,49.8,12,0,0,0,0,0,151.4,13.1
2018-11-21,50.9,10.6,0,0,0,0,0,140.7,11.9
2018-11-22,47.7,15.2,0.063,12.5,0,0,50.2,44.9,3.8
2018-11-23,46.1,20.7,0,0,0,0,16.5,125.2,10.7
2018-11-24,52.2,20.1,0,0,0,0,19.5,107.5,9.1
2018-11-25,45.8,11.6,0,0,0,0,0,132.7,11.5
2018-11-26,43.5,9.7,0,0,0,0,0,134.1,11.7
2018-11-27,46,12.1,0,0,0,0,10.5,111.2,9.5
2018-11-28,52.4,19.8,0,0,0,0,26.6,103.7,9
2018-11-29,53,32.4,0,0,1.2,0.4,42.5,106.9,9.3
2018-11-30,43.9,31.5,0.461,54.17,3.1,2.3,87.8,51.7,4.4
2018-12-01,36.2,19.5,0.103,16.67,2.1,5.3,50,113.3,9.7
2018-12-02,32.1,14.5,0.191,29.17,1.1,5.8,76.3,65.2,5.7
2018-12-03,27.5,6,0,0,0.5,5.9,45.8,116,10.1
2018-12-04,27.5,-1.3,0,0,0,4.9,32.4,93,8.2
2018-12-05,35.6,8.7,0,0,0,4.4,11.4,116.2,10.2
2018-12-06,34.7,24.9,0.101,16.67,0,4.3,80.8,33.8,3
2018-12-07,41.1,24.7,0,0,0,4.1,65,87.5,7.6
2018-12-08,39.1,17.1,0,0,0,3.1,7.2,122.3,10.6
2018-12-09,40,14.2,0,0,0,2.7,0.8,124.5,10.8
2018-12-10,36.8,10.5,0,0,0,2.6,0.7,119,10.3
2018-12-11,45.7,23.1,0,0,0,2.4,13,98.7,8.4
2018-12-12,43.5,17.6,0.012,4.17,0,1.8,29.2,96.5,8.3
2018-12-13,40.1,17.9,0,0,0,1.7,0,123.4,10.6
2018-12-14,36.8,12.2,0,0,0,1.5,0,102.4,8.7
2018-12-15,46.7,21,0,0,0,1.2,3.1,96.9,8.4
2018-12-16,48.5,17.2,0,0,0,1.2,0,120.1,10.3
2018-12-17,43.5,21.4,0,0,0,1.2,35.8,54.1,4.8
2018-12-18,44.3,21,0,0,0.8,1.5,3.6,104.8,9
2018-12-19,46.9,21,0,0,0,1,0,118.3,10.2
2018-12-20,49.1,21,0,0,0.4,0.3,0,120.7,10.5
2018-12-21,48,25.2,0,0,0,0.4,26.7,73.9,6.5
2018-12-22,43,21.5,0,0,0,0.3,14.2,112,9.7
2018-12-23,42.5,18.7,0,0,0,0,31.9,87.1,7.5
2018-12-24,47.7,27.4,0,0,0,0,35.6,109.7,9.4
2018-12-25,50.2,27.5,0.312,20.83,2.1,0.7,66.9,73.8,6.3
2018-12-26,36.9,29.1,0.314,41.67,1.3,2.9,62.6,89.7,7.6
2018-12-27,31.1,19.4,0,0,1.1,2.4,45.8,75.2,6.5
2018-12-28,26,6.9,0.125,20.83,1,3.6,77.1,53.4,4.6
2018-12-29,25.1,1.8,0,0,0.2,3.9,29.9,123.7,10.7
2018-12-30,23.1,0.9,0,0,0,3.6,0.5,116.8,10.1
2018-12-31,24.4,9.1,0.116,41.67,2.4,4.4,82.7,24.2,2
2019-01-01,22.6,-2.6,0.185,29.17,1.4,6.5,68,20.3,1.6
2019-01-02,19.1,-11.4,0,0,5.3,4.9,5.5,26.8,2.1
2019-01-03,19.2,-5,0,0,1,6.1,0.3,27.8,2.4
2019-01-04,26.6,-1,0,0,0,5.5,0,91.8,7.9
2019-01-05,33.5,0.3,0,0,0,5.1,16.9,87.1,7.4
2019-01-06,35.4,27.9,0.337,54.17,0.2,5,71.3,41.5,3.7
2019-01-07,36.3,23.2,0,0,0,4.9,77.3,74.5,6.3
2019-01-08,38.2,11.6,0,0,0,4.6,0,126.2,11
2019-01-09,38.1,15.9,0,0,0,4.1,0,95.6,8.3
2019-01-10,39.6,20.4,0,0,0,3.7,34.8,82.5,7.1
2019-01-11,38.8,21.3,0,0,0,3.4,30.6,124.3,10.8
2019-01-12,34.2,16.9,0,0,0,3,69.4,47.3,4.1
2019-01-13,35.1,18.1,0.015,16.67,0,3,71,44.2,3.7
2019-01-14,40.2,19.6,0,0,0,3,68.4,113.2,9.7
2019-01-15,43.2,23.6,0.118,16.67,0,2.9,80.2,48.6,4.1
2019-01-16,40.1,30.6,0.352,37.5,0,2.5,75.6,38.1,3.3
2019-01-17,43,23.5,0.108,25,0.2,2.4,42,100,8.6
2019-01-18,36.9,22.9,0.27,25,0.1,2.3,30.6,136.7,11.8
2019-01-19,40.1,16.4,0,0,0,1.6,0,134,11.6
2019-01-20,43.3,21.6,0,0,0,1.2,0,122.5,10.7
2019-01-21,42.2,28.4,0.067,20.83,0.3,1.3,40.1,50.8,4.5
2019-01-22,33.2,22.1,0.001,4.17,0.2,1.7,18.7,127.5,10.9
2019-01-23,36.2,10.6,0,0,0,1.5,16.6,139.9,12
2019-01-24,39.9,16.5,0,0,0,1.2,12.2,146.3,12.4
2019-01-25,37.9,14.4,0,0,0,1.2,0,112,9.8
2019-01-26,42,13.4,0,0,0,1.1,0,149,12.8
2019-01-27,43.8,18.5,0,0,0,0.8,0,128.2,11.2
2019-01-28,43,19.8,0,0,0,0.8,0,155.4,13.3
2019-01-29,38.9,19.9,0,0,0,0.7,0,120,10.3
2019-01-30,43.2,12.4,0,0,0.2,0.4,0,157.9,13.7
2019-01-31,45.5,16.1,0,0,0,0.4,0,158.5,13.8
2019-02-01,50.9,18.1,0,0,0,0.4,0.1,158.8,13.8
2019-02-02,50,23,0,0,0,0.3,66.2,82.9,7.1
2019-02-03,49,32.2,0.256,33.33,5.1,3.2,71.5,91.2,7.8
2019-02-04,48.5,30.2,0.012,4.17,0,1.9,59,61.9,5.5
2019-02-05,45.8,35.2,0,0,0.8,0.2,56.4,89.5,7.7
2019-02-06,36.4,22.2,0.035,16.67,1.2,1.5,66.2,102,8.7
2019-02-07,28.1,10.8,0.012,4.17,0,0.9,26.8,176,15.1
2019-02-08,39.8,9.1,0,0,0,0,0,173.8,15
2019-02-09,41.2,25.1,0,0,0,0,6.2,70.7,6.1
2019-02-10,45.8,15.7,0,0,0.9,0.3,0,178.3,15.2
2019-02-11,33.1,12,0.094,16.67,0.5,1.2,27.1,135.1,11.6
2019-02-12,41.2,9.1,0,0,0,0.7,0,169,14.6
2019-02-13,46.1,19.8,0,0,0.2,0.3,49.9,80.7,7
2019-02-14,38.3,32.9,0.801,54.17,0.8,0.3,75.9,20.7,1.6
2019-02-15,45,32.9,0.138,25,0.5,0.9,32.9,105.3,9.1
2019-02-16,36.3,21.3,0.001,4.17,0,0.1,43.4,129.1,11.2
2019-02-17,32.9,13.3,0.055,12.5,1.2,0.4,38.1,131.2,11.3
2019-02-18,29.8,12.4,0.024,12.5,0.7,1.8,69.3,84,7.2
2019-02-19,27.8,15.5,0.002,8.33,0.9,1.9,78.8,104.9,9.3
2019-02-20,25.7,5.3,0.012,4.17,3.4,3.9,69.7,150.1,13.1
2019-02-21,31,16,0.24,45.83,4.7,8.3,71.7,87.2,7.5
2019-02-22,34.1,23.8,0.097,29.17,1.8,11.6,68.8,91.4,7.9
2019-02-23,30.9,7.9,0,0,0,6.9,7.3,205.4,17.8
2019-02-24,32.3,2.5,0,0,0,3.5,4.4,169.3,14.7
2019-02-25,37.5,7.8,0,0,4.7,5.8,0,191.9,16.7
2019-02-26,45.4,13.4,0,0,0,7.2,0,191.3,16.4
2019-02-27,51.2,24.8,0,0,0,6.5,25.1,186.4,16.2
2019-02-28,49.1,27.7,0,0,0,4.7,42.2,137.6,11.8
2019-03-01,52.9,31.5,0,0,0,3,21.3,138.3,11.9
2019-03-02,44.1,37.3,0.282,25,0,1.9,76.1,33,2.7
2019-03-03,48.7,37.4,0.083,20.83,0,1.5,77.6,110.7,9.5
2019-03-04,43.1,29.9,0.179,37.5,0,1.2,64.1,165.3,14.3
2019-03-05,50.2,26.3,0,0,0,0.4,25.2,193.2,16.7
2019-03-06,54.4,39,0.037,16.67,0,0,74.1,80.8,7
2019-03-07,54.8,38.9,0,0,0,0,61.4,160.7,13.9
2019-03-08,52.2,35,0.055,12.5,0,0,68.8,82.6,7.2
2019-03-09,43.9,30.2,0,0,0,0,50.3,162.5,14.2
2019-03-10,52.8,28.2,0,0,0,0,20,233.1,19.3
2019-03-11,51.8,33.8,0.241,37.5,0,0,65.7,153.2,13.2
2019-03-12,49.9,39.3,0.577,70.83,1.2,0.4,72.4,47.2,4.1
2019-03-13,37.2,29,0.304,50,0.7,1.5,69.5,56.5,4.9
2019-03-14,40.9,24.2,0,0,0.5,0.8,16.9,229.1,19.9
2019-03-15,45.8,21.1,0,0,0,0.1,11.3,215.3,18.5
2019-03-16,53.9,24.5,0,0,0,0,0,239.9,20.8
2019-03-17,55.7,25.7,0,0,0,0,0,211.1,18.1
2019-03-18,56.8,26.1,0,0,0,0,35.8,191.6,16.5
2019-03-19,55.7,29,0,0,0,0,15.1,236.5,20.4
2019-03-20,59.6,21.2,0,0,0,0,9.4,238.5,20.5
2019-03-21,50.1,33.7,0.305,41.67,0,0,66.9,112,9.5
2019-03-22,42.8,30.7,0.095,20.83,0,0,56.8,141.4,12
2019-03-23,51.9,28.9,0,0,0,0,40.9,204.3,17.6
2019-03-24,55,30.3,0,0,0,0,31.7,187.4,16.2
2019-03-25,61.6,26.9,0,0,0,0,0,255.6,22
2019-03-26,66.6,28.4,0,0,0,0,10.8,215.5,18.5
2019-03-27,65.8,36.8,0,0,0,0,11.2,202,17.6
2019-03-28,65.6,32,0,0,0,0,3.8,259.2,22.4
2019-03-29,51.7,31.9,0,0,0,0,19.5,222.4,19.3
2019-03-30,49.7,21.1,0,0,0,0,18,212.8,18.2
2019-03-31,44.4,31.9,0.188,8.33,0,0,48.5,166.7,14.4
2019-04-01,54,24.4,0,0,0,0,3.3,256,22
2019-04-02,57.8,30.5,0,0,0,0,42.3,159.9,13.7
2019-04-03,54.9,37.4,0.001,4.17,0,0,61.3,174.3,15.2
2019-04-04,60.9,28,0,0,0,0,1,213.4,18.4
2019-04-05,64.7,31,0,0,0,0,10.4,238.2,20.5
2019-04-06,61,32.8,0,0,0,0,39.3,229.3,19.6
2019-04-07,64.9,30.8,0,0,0,0,1,244,21.2
2019-04-08,70.3,31.2,0,0,0,0,0,259.8,22.5
2019-04-09,72.2,36.3,0,0,0,0,1.9,184.5,15.9
2019-04-10,58.2,31.7,0.647,41.67,1.2,0.4,58.4,68.3,6
2019-04-11,45,29.7,0,0,0.7,1.4,43.5,214.5,18.6
2019-04-12,51.1,24.2,0,0,0,0.1,8.2,257.3,22.3
2019-04-13,53.8,28.1,0,0,0,0,26.7,263.2,22.6
2019-04-14,65,25.9,0,0,0,0,1,279.9,24.2
2019-04-15,65.2,34.5,0,0,0,0,0,205,17.9
2019-04-16,60.2,43.3,0,0,0,0,41.3,182.6,15.7
2019-04-17,65.1,38.1,0,0,0,0,37,286.4,24.7
2019-04-18,69.1,33.7,0,0,0,0,0,299.5,25.8
2019-04-19,73.4,33.4,0,0,0,0,0,271.7,23.5
2019-04-20,68.2,36.4,0,0,0,0,21.6,147,12.8
2019-04-21,68.4,39.1,0,0,0,0,26.4,328.6,28.3
2019-04-22,67.1,32.9,0,0,0,0,4,240.3,20.7
2019-04-23,60.5,42.2,0,0,0,0,63.9,231.1,20
2019-04-24,72,34.7,0,0,0,0,19.8,265.3,23
2019-04-25,74.3,38.1,0,0,0,0,0,332.9,28.7
2019-04-26,74,41.1,0,0,0,0,16.4,295.1,25.5
2019-04-27,74,41.6,0,0,0,0,10.7,329.8,28.3
2019-04-28,73.9,44.8,0,0,0,0,39.9,255.5,22
2019-04-29,63.9,40.8,0.21,16.67,0,0,49.6,137.5,12
2019-04-30,59.1,41.7,0.056,20.83,0,0,59.8,190.8,16.6
2019-05-01,56.9,39.9,0.063,16.67,0,0,54.8,274.3,23.7
2019-05-02,63.5,36.3,0,0,0,0,34.3,345.3,29.9
2019-05-03,66.1,30,0,0,0,0,0,342.1,29.6
2019-05-04,70.3,33.4,0,0,0,0,1,350.4,30.3
2019-05-05,73.9,38.3,0,0,0,0,21.9,334.1,28.7
2019-05-06,72.9,37.1,0,0,0,0,5.1,288.3,24.8
2019-05-07,68,37.9,0,0,0,0,26.8,302.7,26.2
2019-05-08,56,39.8,0.087,20.83,0,0,58,114,9.9
2019-05-09,55.9,35.1,0.127,25,0,0,70,173.4,15.1
2019-05-10,53,42.3,0.092,16.67,0,0,78.2,122.5,10.6
2019-05-11,65.9,38.6,0,0,0,0,33.5,338.6,28.9
2019-05-12,71.2,33.5,0,0,0,0,7.8,332.9,28.8
2019-05-13,76.1,36.5,0,0,0,0,0,349.7,30.3
2019-05-14,78.2,36.1,0,0,0,0,0,303.3,26.3
2019-05-15,76.1,39.7,0,0,0,0,23.4,271.7,23.4
2019-05-16,73.8,45.8,0,0,0,0,7.6,161.6,13.9
2019-05-17,60.3,40.1,0.114,20.83,0,0,55,233.5,20.1
2019-05-18,60.8,35.5,0,0,0,0,52.8,315.3,27.2
2019-05-19,60.1,36,0,0,0,0,50.4,107.9,9.4
2019-05-20,45.5,30.1,0.644,37.5,0,0,65.1,76.6,6.7
2019-05-21,50.9,33.6,0.389,37.5,0,0,67.4,175.8,15.3
2019-05-22,53.8,36.5,0.224,45.83,0,0,69.9,149.4,13
2019-05-23,50.7,35.9,0.349,16.67,0,0,58,191.9,16.6
2019-05-24,62.2,30.3,0,0,0,0,1,362.5,31.3
2019-05-25,72.2,33.1,0,0,0,0,1,364.9,31.5
2019-05-26,71.3,37.1,0,0,0,0,7.9,253.1,22
2019-05-27,63.3,40.3,0.024,8.33,0,0,62.9,271.6,23.5
2019-05-28,56.2,38.3,0.033,12.5,0,0,55.3,257.3,22.2
2019-05-29,63.2,32.8,0,0,0,0,12.9,320.6,27.6
2019-05-30,71.1,33.1,0,0,0,0,15.4,328.9,28.5
2019-05-31,75.8,38.1,0,0,0,0,6.1,351.7,30.3
2019-06-01,81,44,0,0,0,0,4.9,353.2,30.3
2019-06-02,79.9,50.6,0,0,0,0,6.4,347,30.2
2019-06-03,79.9,47.6,0,0,0,0,18.1,321.8,27.8
2019-06-04,77.1,42.3,0,0,0,0,5.3,308.5,26.5
2019-06-05,73.5,47,0,0,0,0,21.6,229.3,19.6
2019-06-06,83,45.1,0,0,0,0,3.1,341.3,29.4
2019-06-07,81.9,48,0,0,0,0,16.8,300.3,26
2019-06-08,82.2,54.9,0,0,0,0,0,365.7,31.5
2019-06-09,77.3,47.5,0,0,0,0,0,374.2,32.4
2019-06-10,78.2,38.5,0,0,0,0,0,351.1,30.3
2019-06-11,82.8,41.3,0,0,0,0,0,354.3,30.7
2019-06-12,86.1,43.7,0,0,0,0,0,339.9,29.1
2019-06-13,87.1,44.6,0,0,0,0,1.9,342.8,29.5
2019-06-14,84.9,50.9,0,0,0,0,1,332.1,28.7
2019-06-15,81.8,48.6,0.07,4.17,0,0,19.8,236.3,20.3
2019-06-16,83.5,45.7,0,0,0,0,25.2,270.8,23.1
2019-06-17,73.2,47.8,0,0,0,0,17.2,182.8,15.9
2019-06-18,76.2,44,0.001,4.17,0,0,18.5,284.9,24.5
2019-06-19,83.8,43.3,0,0,0,0,4,319.2,27.5
2019-06-20,86.1,48.9,0,0,0,0,3.9,345.2,29.6
2019-06-21,82.8,57.7,0,0,0,0,15,247.4,21.5
2019-06-22,72.6,46.3,0.019,4.17,0,0,24.5,274.3,23.8
2019-06-23,70.9,33.7,0,0,0,0,1,369.1,31.8
2019-06-24,80,36.6,0,0,0,0,0,348.5,30.1
2019-06-25,86.9,39.8,0,0,0,0,0,304.3,26.3
2019-06-26,86.1,50.8,0,0,0,0,0,304,26.3
2019-06-27,88.9,48.1,0,0,0,0,4.2,176.2,15.1
2019-06-28,90.1,46.4,0.031,8.33,0,0,4.6,268.4,23.2
2019-06-29,91.1,53,0,0,0,0,5.9,297.9,25.7
2019-06-30,88.8,58.5,0,0,0,0,18.9,218.8,19
2019-07-01,88.8,54.2,0,0,0,0,13.9,317.5,27.6
2019-07-02,88,57.9,0,0,0,0,7.6,357.5,31
2019-07-03,88.7,49.1,0,0,0,0,0,351.5,30.4
2019-07-04,87.8,51.7,0,0,0,0,0,200.2,17.2
2019-07-05,87.2,48.3,0,0,0,0,0,171.7,14.9
2019-07-06,86.6,48.6,0,0,0,0,0.3,200,17.3
2019-07-07,83.5,52.5,0.001,4.17,0,0,18.9,137.3,12
2019-07-08,84.9,56.2,0,0,0,0,21.8,209.5,17.9
2019-07-09,86.8,44.6,0,0,0,0,0,288.3,24.7
2019-07-10,91.9,44.3,0,0,0,0,0,336.7,28.9
2019-07-11,92.4,49.6,0,0,0,0,0,284.6,24.8
2019-07-12,92.7,52.3,0,0,0,0,1,288.4,25
2019-07-13,93.8,55.3,0,0,0,0,5.1,229.7,19.7
2019-07-14,91.8,62.1,0,0,0,0,24.7,264.6,22.8
2019-07-15,93.8,57.6,0,0,0,0,1.1,233.8,20.1
2019-07-16,94.1,55.1,0,0,0,0,12.1,291.3,25
2019-07-17,90.9,62.8,0,0,0,0,0,122,10.3
2019-07-18,91,52.6,0,0,0,0,0,250.1,21.6
2019-07-19,92.8,52.8,0,0,0,0,0,188,16.1
2019-07-20,91,57.1,0,0,0,0,2.9,185.8,15.9
2019-07-21,92.8,49.3,0,0,0,0,0,210.6,18.1
2019-07-22,92,59.9,0,0,0,0,1,77.4,6.6
2019-07-23,88.6,60.6,0,0,0,0,1.1,88.6,7.6
2019-07-24,89.8,61.3,0.21,12.5,0,0,26.9,135,11.6
2019-07-25,88.5,61.1,0.133,12.5,0,0,30.1,129.9,11.1
2019-07-26,90.1,59,0,0,0,0,24.8,166.7,14.5
2019-07-27,90,59.1,0,0,0,0,3.5,255,22
2019-07-28,90.1,57.3,0,0,0,0,2.2,211.2,18.3
2019-07-29,91.8,51.2,0,0,0,0,0,220.9,19.2
2019-07-30,89.2,58.6,0.05,4.17,0,0,7.1,74.8,6.6
2019-07-31,91,57.6,0,0,0,0,23.3,180.3,15.5
2019-08-01,83.3,60,0.573,12.5,0,0,38,202.4,17.6
2019-08-02,88,56.7,0,0,0,0,8.2,116.7,10.1
2019-08-03,88.6,59.7,0,0,0,0,5.4,138.3,12.1
2019-08-04,85.8,60.9,0,0,0,0,40.9,168,14.4
2019-08-05,91.9,54.5,0,0,0,0,1.9,130.7,11.4
2019-08-06,91.9,56.2,0,0,0,0,10.7,110.5,9.6
2019-08-07,83.8,60.2,0,0,0,0,25.3,105.7,9
2019-08-08,88.2,55.7,0,0,0,0,14.7,129.3,11.2
2019-08-09,83.6,59.5,0.038,8.33,0,0,41.8,101.3,8.8
2019-08-10,86,50.9,0,0,0,0,0.2,128.4,11.2
2019-08-11,81.6,63.6,0.012,4.17,0,0,58.9,207.8,18
2019-08-12,86.2,54.3,0,0,0,0,8.8,181.8,15.5
2019-08-13,89.9,47.9,0,0,0,0,2.1,193.5,16.8
2019-08-14,91.9,49.8,0,0,0,0,0,181,15.5
2019-08-15,92.1,47.8,0,0,0,0,0,120,10.4
2019-08-16,89.2,50.3,0,0,0,0,1,98.8,8.5
2019-08-17,89,48.7,0,0,0,0,0,147.3,12.6
2019-08-18,88.5,46.6,0,0,0,0,0,112.7,9.6
2019-08-19,91,48.1,0,0,0,0,0,119.7,10.3
2019-08-20,92.2,49.1,0,0,0,0,1,108.5,9.4
2019-08-21,88.5,53.3,0,0,0,0,3.2,208.8,18
2019-08-22,88.1,54.7,0,0,0,0,0,75.3,6.4
2019-08-23,88.2,56.6,0,0,0,0,10.9,236.2,20.3
2019-08-24,90.1,47.9,0,0,0,0,0,73.7,6.2
2019-08-25,91.2,49.4,0,0,0,0,0,120.9,10.3
2019-08-26,92.1,53.3,0,0,0,0,0,83.3,6.9
2019-08-27,91,48.7,0,0,0,0,0,107.7,9.3
2019-08-28,92.2,44.4,0,0,0,0,0,156.8,13.6
2019-08-29,91,49.5,0,0,0,0,0.1,125.1,11
2019-08-30,91.3,52.2,0,0,0,0,0,128,11
2019-08-31,92,50.3,0,0,0,0,1,102.5,8.8
2019-09-01,92.1,49.6,0,0,0,0,0,87.4,7.6
2019-09-02,92.1,52.1,0,0,0,0,0,134.8,11.7
2019-09-03,92.7,54.2,0,0,0,0,0,68.3,5.8
2019-09-04,92.9,62.9,0.069,8.33,0,0,16.6,133,11.5
2019-09-05,91.2,53.3,0,0,0,0,0,60.2,5.2
2019-09-06,92,53.5,0,0,0,0,3.3,89.2,7.7
2019-09-07,89.1,55,0,0,0,0,25.8,278.3,24
2019-09-08,81.4,60.7,0,0,0,0,38.8,239.3,20.7
2019-09-09,80.2,44.4,0,0,0,0,6.3,244.1,21
2019-09-10,74.8,46.8,0.084,16.67,0,0,29.6,180.9,15.8
2019-09-11,77.3,51.3,0,0,0,0,32.2,227.2,19.5
2019-09-12,75.1,39.5,0,0,0,0,0,260.5,22.5
2019-09-13,80.4,36.6,0,0,0,0,0,247.5,21.4
2019-09-14,85.2,38.5,0,0,0,0,0,190.4,16.3
2019-09-15,70.1,45.2,0,0,0,0,36.9,88.9,7.8
2019-09-16,75.1,55.5,0.001,4.17,0,0,43,248.8,21.5
2019-09-17,79.7,51.2,0,0,0,0,46.8,236.2,20.5
2019-09-18,78.2,46.7,0,0,0,0,5.3,212.7,18.3
2019-09-19,80.9,48.7,0.019,4.17,0,0,39.6,199.8,17.1
2019-09-20,76.1,48.4,0,0,0,0,4.2,226,19.4
2019-09-21,71.3,33.5,0,0,0,0,0,259.1,22.2
2019-09-22,73.4,33.5,0,0,0,0,0,236.4,20.3
2019-09-23,65.3,42.5,0.003,4.17,0,0,25,75.5,6.5
2019-09-24,73.6,38.8,0,0,0,0,0.5,271.7,23.5
2019-09-25,80.1,37.3,0,0,0,0,0,261,22.5
2019-09-26,78.4,41.3,0.077,4.17,0,0,14.4,202.2,17.4
2019-09-27,75.2,44.6,0,0,0,0,7.6,242.5,20.9
2019-09-28,79.3,45.4,0,0,0,0,19.4,210.4,18
2019-09-29,77,53.4,0,0,0,0,14.1,202.3,17.4
2019-09-30,78.1,49.7,0,0,0,0,4.4,241.4,20.9
2019-10-01,75.1,39.6,0,0,0,0,0,241.3,20.8
2019-10-02,67.3,37.5,0,0,0,0,0,242.5,20.9
2019-10-03,76.3,31.8,0,0,0,0,0.1,235.3,20.2
2019-10-04,75.9,44.9,0.001,4.17,0,0,19.5,197,17
2019-10-05,70.2,31.4,0,0,0,0,0,232.8,20.2
2019-10-06,69.3,30.7,0,0,0,0,0,233.9,20.3
2019-10-07,71.2,27,0,0,0,0,0,229.5,20
2019-10-08,74.1,31.9,0,0,0,0,4.3,223,19.2
2019-10-09,74,31.6,0,0,0,0,0,220,19.1
2019-10-10,61,30.6,0,0,0,0,27.7,229.1,19.8
2019-10-11,56.2,14.7,0,0,0,0,0,223.5,19.5
2019-10-12,62.5,17.9,0,0,0,0,0,212.9,18.4
2019-10-13,68.4,21.3,0,0,0,0,0,191.3,16.5
2019-10-14,69.1,28.1,0,0,0,0,0,203.9,17.8
2019-10-15,70.2,27.8,0,0,0,0,0,211.1,18.4
2019-10-16,71.4,26.9,0,0,0,0,0,210.9,18.1
2019-10-17,71.4,29.2,0,0,0,0,0,192.8,16.5
2019-10-18,61.9,32.6,0,0,0,0,30.6,142.9,12.2
2019-10-19,61.9,22.5,0,0,0,0,0,203.7,17.5
2019-10-20,54.9,26.6,0,0,0,0,15.3,200.3,17.2
2019-10-21,54.8,20.8,0,0,0,0,15.9,197.5,17.1
2019-10-22,61.1,24,0,0,0,0,0,194,16.7
2019-10-23,63.2,26.7,0,0,0,0,0,166.3,14.4
2019-10-24,51.2,26.7,0,0,0,0,0,180.7,15.5
2019-10-25,56.4,18.4,0,0,0,0,0,184.8,15.8
2019-10-26,65.1,21.8,0,0,0,0,0,188.3,16.2
2019-10-27,65.9,29.3,0,0,0.8,0.2,1.6,175.8,15.3
2019-10-28,38,23.3,0.04,12.5,0.5,0.9,34.6,185.5,16.1
2019-10-29,47.7,25.3,0,0,0,0.1,73.9,133.3,11.4
2019-10-30,33.1,10.1,0,0,0,0,17.4,183.7,15.8
2019-10-31,42.8,3.3,0,0,0,0,0,182.7,15.7
2019-11-01,52.4,11.1,0,0,0,0,0,179.6,15.4
2019-11-02,54.8,11.1,0,0,0,0,0,155.7,13.3
2019-11-03,59.6,14.4,0,0,0,0,0,169.6,15.2
2019-11-04,62.2,18.4,0,0,0,0,0,174,14.9
2019-11-05,62.5,22,0,0,0,0,0,168.8,14.6
2019-11-06,63.1,21.7,0,0,0,0,0.1,149.8,12.9
2019-11-07,59.7,22,0,0,0,0,0,164.5,14.2
2019-11-08,59.7,19.3,0,0,0,0,0,144.2,12.3
2019-11-09,60.9,22.2,0,0,0,0,0,164.1,14.2
2019-11-10,59.6,23.8,0,0,0,0,0,122.9,10.7
2019-11-11,60.2,22.6,0,0,0,0,0,160.7,13.9
2019-11-12,51.6,16.3,0,0,0,0,0,168.7,14.5
2019-11-13,55.5,19.6,0,0,0,0,0,154.3,13.4
2019-11-14,57.4,21.7,0,0,0,0,0,166.7,14.4
2019-11-15,59.8,22.9,0,0,0,0,0,116.7,10.2
2019-11-16,60.4,24,0,0,0,0,0,133.4,11.6
2019-11-17,63.1,21.3,0,0,0,0,0,150.4,13.2
2019-11-18,63.2,26.4,0,0,0,0,0,144.3,12.6
2019-11-19,62.2,21.3,0.06,8.33,0,0,22.3,113.6,10
2019-11-20,50.6,40.3,0.185,45.83,0,0,67.9,36.8,3.1
2019-11-21,45.9,32.8,0.752,29.17,0,0,57.3,85.6,7.4
2019-11-22,43,29.9,0,0,0,0,64.1,89.3,7.7
2019-11-23,46.9,23.3,0,0,0,0,0.4,143.4,12.3
2019-11-24,46.1,20.6,0,0,0,0,0,142.3,12.2
2019-11-25,50.1,20.1,0.012,4.17,2.4,0.8,22.4,75.8,6.5
2019-11-26,30.1,5.2,0.117,29.17,1.4,3.5,40.8,125.9,10.7
2019-11-27,41,9.1,0,0,0.1,2.9,32.7,58.9,5
2019-11-28,43.7,37.8,0,0,0,1.1,61.4,73.4,6.3
2019-11-29,43.9,25.2,0.3,20.83,0.5,0.2,55.1,37.4,3.3
2019-11-30,32.1,17.9,0,0,0.3,0.7,59.1,140.5,12
2019-12-01,34.7,14.3,0,0,0.6,0.8,6.6,109.8,9.5
2019-12-02,44.6,20.9,0,0,1.1,0.6,0,104.8,9
2019-12-03,44.5,22.8,0,0,0,0.1,0,119.8,10.5
2019-12-04,49,29.4,0.069,12.5,0,0,46,84.8,7.4
2019-12-05,41.4,27.3,0.265,20.83,0,0,52.4,73.2,6.4
2019-12-06,46.3,22.4,0,0,0,0,0,103.4,9
2019-12-07,49.4,24.8,0,0,0,0,26.7,110.3,9.5
2019-12-08,44,33.6,0.408,66.67,0,0,73,38.8,3.3
2019-12-09,42.8,24.2,0,0,0,0,17,119.2,10.3
2019-12-10,43.3,18.5,0,0,0,0,0,127,11
2019-12-11,42.3,18.6,0,0,0,0,1,88.7,7.6
2019-12-12,44.1,19.8,0,0,0,0,23.3,99.9,8.5
2019-12-13,47.8,26.5,0,0,0,0,49,72.8,6.3
2019-12-14,45.1,29.4,0.052,12.5,0,0,55.3,59.5,5.2
2019-12-15,34.3,23.4,0.138,29.17,0.8,0.2,65,29.8,2.6
2019-12-16,28.1,6.9,0,0,0.5,1,8.1,126.6,11
2019-12-17,29.3,1.3,0,0,0,0.8,0,127.3,11
2019-12-18,34.8,6.1,0,0,0.6,0.8,0,101.5,8.9
2019-12-19,37.1,15.8,0,0,0,0.1,0,110.1,9.4
2019-12-20,36.8,13.7,0,0,0,0,0,125.8,10.8
2019-12-21,43.2,15.5,0,0,0,0,0,117.5,10.2
2019-12-22,47.5,18.8,0,0,0,0,0,75.6,6.6
2019-12-23,45.6,23.1,0,0,0,0,23.2,56.4,5
2019-12-24,45.8,32.3,0.043,12.5,0,0,80.9,33.5,2.9
2019-12-25,37.9,28.5,0.071,16.67,1.2,0.4,65.9,75,6.5
2019-12-26,38,20.2,0.06,8.33,0.7,1.6,41.1,97.8,8.3
2019-12-27,40,30.1,0.108,20.83,1.5,1.1,69.4,37.8,3.3
2019-12-28,29.3,17.1,0.06,20.83,0.6,2.3,50.9,80.3,7.1
2019-12-29,25,11.6,0,0,0,2.2,15.3,129.4,11.2
2019-12-30,30.4,8.2,0,0,0,1.5,7,154.1,13.3
2019-12-31,30.4,3.8,0,0,0,1.2,0,113.4,9.8
2020-01-01,29.2,9.1,0.031,8.33,0.8,1.4,49.6,58.8,5.3
2020-01-02,37,17.8,0,0,0.5,2,24.5,129.8,11.1
2020-01-03,38.9,10.8,0,0,0,1.3,0,128.8,11.1
2020-01-04,39.4,14,0,0,0,1.1,0,103.1,8.8
2020-01-05,46.2,13.9,0,0,1,1.5,0,129.2,11.2
2020-01-06,39.9,12,0,0,0,1.2,0,133.8,11.5
2020-01-07,39.5,12.3,0,0,0,0.9,0,131.6,11.3
2020-01-08,47.6,18.2,0,0,0,0.1,8.9,98.2,8.6
2020-01-09,36.2,17.5,0,0,0,0,44.8,70.8,6.2
2020-01-10,32.2,11.5,0,0,0,0,4.2,134.5,11.7
2020-01-11,36.4,8,0,0,0.5,0.2,11.5,125.1,11
2020-01-12,35.2,9.6,0.019,4.17,0.3,0.6,37.2,109.9,9.4
2020-01-13,41.3,18.9,0,0,0,0,43.2,127.4,11
2020-01-14,50.2,16.5,0,0,0,0,0,139,12
2020-01-15,50.2,14.3,0,0,0,0,0,140.3,12
2020-01-16,46.8,25.4,0.002,8.33,0,0,39.7,48.3,4.2
2020-01-17,40.5,19,0.012,4.17,0,0,55.1,94.6,8.2
2020-01-18,37.4,13.6,0,0,0,0,0,124.3,10.8
2020-01-19,38.5,14.8,0,0,0,0,0,113.4,9.8
2020-01-20,46.9,17.4,0,0,0,0,25.3,77.7,6.7
2020-01-21,41.4,31.8,0.253,54.17,0,0,86.5,31.9,2.7
2020-01-22,42.9,27.1,0,0,0,0,28,117,10.2
2020-01-23,46,21.6,0,0,0,0,0.3,147.9,12.7
2020-01-24,42.7,20.6,0,0,0,0,10,130.1,11.3
2020-01-25,44.2,22.3,0,0,0,0,0.4,145.9,12.7
2020-01-26,47.9,21,0,0,1.2,0.4,8.3,144.1,12.6
2020-01-27,37.9,28.7,0.162,25,0.7,1.3,58.7,113.9,9.9
2020-01-28,41.2,20.1,0,0,0,0.1,4.1,158.5,13.9
2020-01-29,41.9,23.2,0,0,0,0,40.8,140.9,12.3
2020-01-30,40,16.4,0,0,0,0,0,147.3,12.7
2020-01-31,43.9,17.3,0,0,0,0,0,149.3,13
2020-02-01,46.5,21.4,0,0,0,0,0,115.3,10
2020-02-02,55.3,17.7,0,0,0,0,0,165.3,14.2
2020-02-03,44.8,20.2,0,0,0,0,58.7,79.1,6.8
2020-02-04,25.3,8.7,0,0,0,0,22.5,172.1,14.9
2020-02-05,28,2.1,0,0,0,0,30.4,145.1,12.6
2020-02-06,39.9,9.8,0,0,0,0,46.7,118.3,10.4
2020-02-07,50.1,20.8,0,0,0,0,7.5,141.2,12.1
2020-02-08,55,19.3,0,0,0,0,0,175.8,15.1
2020-02-09,50.1,21.8,0,0,0,0,38.6,154,13.3
2020-02-10,46.1,25,0,0,0,0,23.2,156.9,13.5
2020-02-11,35.1,18.7,0,0,0,0,39.5,84.1,7.4
2020-02-12,41,12.6,0,0,0,0,2.1,153.3,13.3
2020-02-13,44,11.1,0,0,0,0,0,163.8,14.2
2020-02-14,52,14.5,0,0,0,0,0,185.3,16.1
2020-02-15,50.3,16.8,0,0,0,0,18,162.8,14.1
2020-02-16,54.1,22,0,0,0,0,38.1,132.6,11.5
2020-02-17,50.7,24.1,0,0,0,0,35.6,125.2,10.8
2020-02-18,46.1,14.7,0,0,0,0,0,187.6,16.1
2020-02-19,50.3,20,0,0,0,0,21.3,181.6,15.6
2020-02-20,48.1,10.4,0,0,0,0,0,178.1,15.3
2020-02-21,55.9,15.7,0,0,0,0,0.1,175.2,15.1
2020-02-22,54,29.1,0.117,25,0,0,76.2,83.5,7.2
2020-02-23,42.1,28.9,0.031,12.5,0,0,40.6,105.1,9
2020-02-24,41.7,22.4,0,0,0,0,3.2,201.2,17.5
2020-02-25,35.9,14,0,0,0,0,8.9,207.5,17.8
2020-02-26,44,7.4,0,0,0,0,0,215,18.6
2020-02-27,52,16.2,0,0,0,0,0,189.4,16.3
2020-02-28,52.4,15.8,0,0,0,0,0,184.8,16
2020-02-29,55.1,19.5,0,0,0,0,10.9,200,17.4
2020-03-01,54.1,24.3,0,0,0,0,71.2,166,14.3
2020-03-02,52.1,20.1,0,0,0,0,23.3,211.3,18.1
2020-03-03,59.1,17.2,0,0,0,0,0,223.5,19.2
2020-03-04,60,19.6,0,0,0,0,0,224.9,19.3
2020-03-05,62.1,19,0,0,0,0,0,230.3,19.8
2020-03-06,61.7,23.9,0,0,0,0,1.2,164.2,14.2
2020-03-07,64.2,27.9,0,0,0,0,17,204.3,17.5
2020-03-08,57.8,38.6,0,0,0,0,67.3,142.9,11.7
2020-03-09,55.8,23.9,0,0,0,0,16.4,194.2,16.8
2020-03-10,46.2,30,0.042,12.5,0,0,69.4,100.1,8.5
2020-03-11,52.3,35.1,0.204,29.17,0,0,85,76.2,6.6
2020-03-12,55.4,34.5,0,0,0,0,29.4,150.1,13.1
2020-03-13,51.1,37.5,0.534,37.5,0,0,64.6,106.4,9.1
2020-03-14,51.2,33.6,0,0,0,0,73.7,138.5,12.2
2020-03-15,59.3,31.3,0,0,0,0,40.3,190.3,16.4
2020-03-16,61.9,27.1,0,0,0,0,4.1,227.3,19.7
2020-03-17,60.1,36.3,0,0,0,0,11.3,165,14.1
2020-03-18,54.9,35.5,0.031,8.33,2.4,0.8,61.1,136.7,11.7
2020-03-19,39.1,32.3,0.411,37.5,1.4,3,88.7,87.5,7.4
2020-03-20,47.6,31.3,0,0,0.5,0.5,60.2,187.6,16.3
2020-03-21,51,30.9,0.04,4.17,0,0,58.9,172.1,14.7
2020-03-22,51.3,32.2,0,0,0,0,39.6,189.9,16.4
2020-03-23,51.3,26.8,0.032,8.33,0,0,50.7,134.5,11.7
2020-03-24,54.5,29,0,0,0,0,38.3,240.7,20.8
2020-03-25,58.2,29,0,0,0,0,9.3,166.1,14.5
2020-03-26,62.1,43.5,0,0,0,0,8.3,248.5,21.5
2020-03-27,42.8,29.3,0.012,4.17,0,0,61.2,152.6,13
2020-03-28,44.9,19.1,0,0,0,0,54.5,228.3,19.6
2020-03-29,53.1,23.8,0,0,0,0,67.9,204.1,17.5
2020-03-30,54.2,31.6,0.012,4.17,0,0,62.2,177.5,15.3
2020-03-31,62.1,21.5,0,0,0,0,0,249.5,21.6
2020-04-01,64.3,31.3,0,0,0,0,14.2,197.3,17.3
2020-04-02,62.9,41.6,0,0,0,0,64.1,227.1,19.7
2020-04-03,56.1,20.9,0,0,0,0,16.8,286.7,24.8
2020-04-04,61.1,33.6,0,0,0,0,48.8,200.8,17.4
2020-04-05,65,31.4,0,0,0,0,15.4,263.6,22.8
2020-04-06,67,28.1,0,0,0,0,0,287.4,24.9
2020-04-07,65,30.9,0,0,0,0,0,290.2,25.1
2020-04-08,68.4,28.4,0,0,0,0,0.1,291.8,25.2
2020-04-09,63.1,37.5,0,0,0,0,29.4,256.2,21.9
2020-04-10,62.2,24.5,0,0,0,0,7.8,289.1,25.1
2020-04-11,63.2,24.8,0,0,0,0,0,297.6,25.5
2020-04-12,57,36.5,0,0,0,0,47.1,179.7,15.5
2020-04-13,52.2,25.5,0,0,0,0,32.5,277.7,23.9
2020-04-14,47.9,16.3,0,0,0,0,0,305.5,26.4
2020-04-15,57.2,16.2,0,0,0,0,9.4,303.3,26.2
2020-04-16,60.9,32.5,0,0,0,0,73.8,185.3,15.9
2020-04-17,61.5,27.5,0,0,0,0,28,288.3,24.9
2020-04-18,60.1,31.2,0,0,0,0,52.3,249.8,21.4
2020-04-19,60.9,29.7,0,0,0,0,38.6,238.6,20.7
2020-04-20,63.4,30.8,0.031,8.33,0,0,21.6,278.9,24
2020-04-21,59.4,37.9,0.069,8.33,0,0,69.8,202.9,17.4
2020-04-22,65.2,29.7,0,0,0,0,11.3,295.6,25.4
2020-04-23,69.3,30.1,0,0,0,0,38.2,261,22.7
2020-04-24,65.1,41.8,0,0,0,0,12.1,315.8,27.3
2020-04-25,70.8,29.2,0,0,0,0,0,325.2,28.2
2020-04-26,74.9,36.5,0,0,0,0,2.3,267.6,23.1
2020-04-27,79,39.5,0,0,0,0,0,314.6,27.1
2020-04-28,77.2,40.2,0,0,0,0,0,312.1,26.8
2020-04-29,81.5,40.9,0,0,0,0,0,332.7,28.7
2020-04-30,79.9,37.8,0,0,0,0,1.1,242.8,20.8
2020-05-01,83,41.4,0,0,0,0,0,334.6,28.8
2020-05-02,79.7,46.6,0,0,0,0,12.1,336.8,29
2020-05-03,78.3,44.5,0,0,0,0,0,329.3,28.5
2020-05-04,73,43,0,0,0,0,2.3,331.5,28.5
2020-05-05,74.9,33.4,0,0,0,0,0,344.7,29.6
2020-05-06,81,34,0,0,0,0,0,307.5,26.6
2020-05-07,78.1,37.3,0,0,0,0,0,344.6,29.7
2020-05-08,73.2,30.4,0,0,0,0,0,348.8,30
2020-05-09,77.3,33.6,0,0,0,0,0,343,29.7
2020-05-10,80.8,35.6,0,0,0,0,7.8,326,28.1
2020-05-11,73.9,51.3,0.036,12.5,0,0,67,180.7,15.7
2020-05-12,77.2,42.3,0,0,0,0,13.5,353.5,30.6
2020-05-13,74.1,41.6,0,0,0,0,0,327.5,28.5
2020-05-14,73.2,42.5,0,0,0,0,3.4,341.8,29.7
2020-05-15,74.9,36.7,0,0,0,0,9.6,322.9,27.9
2020-05-16,78.3,38.6,0,0,0,0,4.8,327.2,28.4
2020-05-17,85,40.7,0,0,0,0,0,344.8,29.8
2020-05-18,86.2,44.1,0,0,0,0,0,356.5,30.6
2020-05-19,82.8,43.1,0,0,0,0,4.4,297.9,25.7
2020-05-20,66.1,42.6,0,0,0,0,0,358.6,31
2020-05-21,70.3,31.1,0,0,0,0,0,363.8,31.5
2020-05-22,78.2,31.7,0,0,0,0,0,322.5,27.8
2020-05-23,74,45.2,0,0,0,0,5.4,331.3,28.5
2020-05-24,68.2,38.8,0,0,0,0,10.9,358.5,30.8
2020-05-25,73.9,37.3,0,0,0,0,0,359.1,30.9
2020-05-26,81.8,36.3,0,0,0,0,0,319.6,27.6
2020-05-27,86.1,44.2,0,0,0,0,14.6,55.5,4.9
2020-05-28,89,45.7,0,0,0,0,15.3,61,5.2
2020-05-29,88.2,54.5,0,0,0,0,6,24.3,2.1
2020-05-30,87.4,62.9,0,0,0,0,21.3,26.1,2.3
2020-05-31,84.5,57.6,0.12,12.5,0,0,34.4,31,2.7
2020-06-01,85.6,61.7,0.001,4.17,0,0,31.4,29.9,2.5
2020-06-02,90.2,52.5,0,0,0,0,2.1,110.3,9.5
2020-06-03,91.2,49.1,0,0,0,0,0,58,4.9
2020-06-04,91.1,50.2,0,0,0,0,0,140.9,12.1
2020-06-05,91.1,48.7,0.1,12.5,0,0,17.6,33.3,2.8
2020-06-06,80,59,0.198,25,0,0,28.7,249.6,21.5
2020-06-07,80,54.8,0,0,0,0,1.2,299.1,25.8
2020-06-08,71.1,41.6,0,0,0,0,21.8,313.2,26.9
2020-06-09,68.2,33.9,0,0,0,0,1.1,284.2,24.4
2020-06-10,79.3,36.9,0,0,0,0,0,53.6,4.5
2020-06-11,87.2,40.8,0,0,0,0,0,70.5,6
2020-06-12,89,44,0,0,0,0,2.4,32.9,2.7
2020-06-13,88.7,69.1,0,0,0,0,9,26.9,2.3
2020-06-14,85.2,56.9,0,0,0,0,3.3,116.4,10.1
2020-06-15,89,43.6,0,0,0,0,0.1,37.7,3.1
2020-06-16,88.7,52.6,0,0,0,0,7,87,7.5
2020-06-17,84,47.8,0,0,0,0,0.2,77.8,6.7
2020-06-18,81.4,45.8,0,0,0,0,1.1,89.2,7.7
2020-06-19,82,50.5,0,0,0,0,7,110.8,9.6
2020-06-20,85.3,41.5,0,0,0,0,0,58.3,5
2020-06-21,90.9,46.6,0,0,0,0,0,55,4.8
2020-06-22,92.3,51.5,0,0,0,0,0,88.2,7.6
2020-06-23,92.9,50.2,0,0,0,0,0,127.7,11
2020-06-24,92.4,47.9,0,0,0,0,1.2,131,11.2
2020-06-25,93,55.1,0,0,0,0,0,157.6,13.5
2020-06-26,92.7,54.1,0,0,0,0,7,343.6,29.6
2020-06-27,89,51.2,0,0,0,0,0,323.4,27.9
2020-06-28,89.1,52.7,0,0,0,0,1.2,338.2,29.2
2020-06-29,83.1,61.7,0,0,0,0,8.1,296.3,25.6
2020-06-30,77.3,48.5,0,0,0,0,16.4,387.7,33.5
2020-07-01,84.2,39.6,0,0,0,0,0,381,33.2
2020-07-02,88.1,48.1,0,0,0,0,1.1,376.9,32.6
2020-07-03,84,54.5,0,0,0,0,12.1,245.5,21.3
2020-07-04,89.8,55.8,0.012,4.17,0,0,12.8,326.5,28
2020-07-05,92.2,50.4,0,0,0,0,0,378.8,32.7
2020-07-06,92.4,56.2,0,0,0,0,0,375.9,32.5
2020-07-07,92.9,53.3,0,0,0,0,0,387.3,33.5
2020-07-08,91.1,48.9,0,0,0,0,4.1,376.9,32.6
2020-07-09,92.9,51.6,0,0,0,0,0,385.5,33.4
2020-07-10,94.1,50.6,0,0,0,0,0,379.2,32.6
2020-07-11,98.1,46.7,0,0,0,0,0,360.2,31.1
2020-07-12,98.2,59.3,0,0,0,0,0,348.4,30.2
2020-07-13,93.6,60,0.042,4.17,0,0,9.3,283.1,24.6
2020-07-14,93.1,56.8,0.024,12.5,0,0,14.5,352,30.2
2020-07-15,93.1,57.8,0,0,0,0,8.5,362.9,31.4
2020-07-16,87.9,65.1,0,0,0,0,23.9,194.7,16.7
2020-07-17,86.4,63.9,0.012,4.17,0,0,27.2,332.2,28.7
2020-07-18,92.6,56.3,0.031,4.17,0,0,5.5,359.9,30.9
2020-07-19,92.8,51.4,0,0,0,0,8.1,360.5,31.2
2020-07-20,92.1,56,0.006,4.17,0,0,4.8,334.3,28.8
2020-07-21,94.1,53.2,0,0,0,0,7.6,328.4,28.2
2020-07-22,79.9,62.4,0.024,8.33,0,0,50.5,185,16
2020-07-23,86.7,52.7,0.062,8.33,0,0,24.7,256.8,22.2
2020-07-24,73.2,59.7,0.001,4.17,0,0,70.5,140.6,12.1
2020-07-25,71.6,60.5,0.319,54.17,0,0,81.5,150.2,13
2020-07-26,80.7,58.8,0,0,0,0,46.5,239.7,20.6
2020-07-27,86.5,60,0.412,12.5,0,0,44.8,245.1,21.2
2020-07-28,86.2,56.9,0.236,8.33,0,0,11.8,339.5,29.3
2020-07-29,92.8,55.3,0,0,0,0,0,352,30.5
2020-07-30,92.8,53.5,0,0,0,0,0,349.3,30
2020-07-31,95.2,52.3,0,0,0,0,0,346.1,29.8
2020-08-01,94.1,55.1,0,0,0,0,0,304.4,26.2
2020-08-02,94.1,63.2,0,0,0,0,0,293.6,25.4
2020-08-03,93.1,61.9,0,0,0,0,0,327.9,28.3
2020-08-04,92.8,54.2,0,0,0,0,0,337.2,29.3
2020-08-05,86.8,54.3,0,0,0,0,12.9,268.1,23.1
2020-08-06,90.1,54.6,0,0,0,0,0,346.8,29.9
2020-08-07,87.2,51.3,0,0,0,0,0,345.8,30
2020-08-08,89.1,53,0,0,0,0,0,337.5,29.3
2020-08-09,88.4,51.7,0,0,0,0,7.7,295.8,25.6
2020-08-10,91.1,49.2,0,0,0,0,0,341.7,29.5
2020-08-11,89.2,47,0,0,0,0,0,341.5,29.5
2020-08-12,91.7,56.8,0,0,0,0,12.4,336.9,29.1
2020-08-13,91.1,48.4,0,0,0,0,0,315,27.3
2020-08-14,94.1,54.5,0,0,0,0,0,320.8,27.7
2020-08-15,96.1,53.1,0,0,0,0,0,330,28.4
2020-08-16,96.2,51.7,0,0,0,0,0,314.9,27.1
2020-08-17,94.1,61.4,0,0,0,0,0,315.5,27.2
2020-08-18,96.9,55.1,0,0,0,0,0,311.6,26.6
2020-08-19,92.1,58.1,0,0,0,0,0,238.9,20.7
2020-08-20,96.4,56.3,0,0,0,0,0,302.5,26.1
2020-08-21,96.2,56.8,0,0,0,0,0,278.2,24
2020-08-22,93.6,54.5,0,0,0,0,1.1,269.3,23.2
2020-08-23,95.2,54.5,0,0,0,0,0,275.5,23.6
2020-08-24,94,57.6,0,0,0,0,7.7,294.6,25.5
2020-08-25,92.5,57.9,0.034,8.33,0,0,8.2,295.2,25.4
2020-08-26,93.7,59.5,0,0,0,0,23.8,292.4,25.1
2020-08-27,92.9,56,0,0,0,0,0,296.3,25.6
2020-08-28,87.9,62.6,0,0,0,0,29,172.6,14.9
2020-08-29,84.9,63.8,0,0,0,0,31.2,247.2,21.5
2020-08-30,85.9,54.1,0,0,0,0,2.3,224.3,19.4
2020-08-31,86.2,48.3,0,0,0,0,9.2,281,24.3
2020-09-01,78,55.7,0,0,0,0,18.3,303.7,26.3
2020-09-02,86.5,44.6,0,0,0,0,0,303.1,26.1
2020-09-03,90.4,46,0,0,0,0,0,306.6,26.3
2020-09-04,92.2,46.7,0,0,0,0,0,305.9,26.4
2020-09-05,94.2,47,0,0,0,0,0,302.5,26
2020-09-06,94.5,47.3,0,0,0,0,0,296.1,25.5
2020-09-07,90.2,50.6,0,0,0,0,13,223.9,19.3
2020-09-08,65.8,41.8,0.002,8.33,0,0,18.7,161.1,13.9
2020-09-09,46.4,40.5,0.721,62.5,0,0,82.7,36.4,3.1
2020-09-10,55.8,40.4,0.194,33.33,0,0,66.5,134.3,11.6
2020-09-11,67.2,35.3,0,0,0,0,12.1,279.7,23.9
2020-09-12,75.2,39.1,0,0,0,0,0,284,24.4
2020-09-13,79.1,41.2,0,0,0,0,0,282.1,24.4
2020-09-14,81.8,42.4,0,0,0,0,0,283,24.4
2020-09-15,81,42.6,0,0,0,0,0.1,267.3,23.1
2020-09-16,82.9,44,0,0,0,0,0,247.6,21.4
2020-09-17,81.4,52.4,0,0,0,0,0,251,21.7
2020-09-18,83.8,41.5,0,0,0,0,0,259,22.3
2020-09-19,80.3,53,0,0,0,0,4.8,241.1,20.7
2020-09-20,80.9,47,0,0,0,0,13.2,256,22.2
2020-09-21,82,44.8,0,0,0,0,1.3,258.1,22.2
2020-09-22,80.1,46.4,0,0,0,0,15.6,197.2,17.2
2020-09-23,83,45.9,0,0,0,0,0.1,254.2,21.9
2020-09-24,83.3,41.5,0,0,0,0,0,254.2,21.9
2020-09-25,83.2,42.8,0,0,0,0,0,253.5,21.9
2020-09-26,81.3,43.8,0,0,0,0,0,210.8,18.1
2020-09-27,78.2,43.5,0,0,0,0,0,249.2,21.4
2020-09-28,73.1,41.7,0,0,0,0,0,254.8,22
2020-09-29,73.4,29.7,0,0,0,0,0,254,21.9
2020-09-30,81.3,36.9,0,0,0,0,0,254.1,21.9
2020-10-01,80,35.7,0,0,0,0,0,249,21.5
2020-10-02,74.3,33.1,0,0,0,0,0,179.6,15.6
2020-10-03,78.3,35.4,0,0,0,0,0,237.1,20.5
2020-10-04,79.2,34.9,0,0,0,0,0,233.8,20.2
2020-10-05,80.1,37,0,0,0,0,0,232,20.1
2020-10-06,78.7,34.3,0,0,0,0,0,236.1,20.3
2020-10-07,80.9,33.5,0,0,0,0,0,233.6,20.2
2020-10-08,80.2,34.8,0,0,0,0,0,228.3,19.8
2020-10-09,78.3,35.3,0,0,0,0,0,213.5,18.5
2020-10-10,75.2,37.7,0,0,0,0,0,225.6,19.4
2020-10-11,72.3,39.6,0,0,0,0,0,214.3,18.4
2020-10-12,69.5,29.5,0,0,0,0,0,227.3,19.5
2020-10-13,75.2,32.1,0,0,0,0,0,225.9,19.4
2020-10-14,76.3,32.9,0,0,0,0,0,224.1,19.4
2020-10-15,72.2,37.5,0,0,0,0,0,221.9,19.1
2020-10-16,69.4,32.1,0,0,0,0,0,219.3,18.9
2020-10-17,71.3,33.5,0,0,0,0,0,217.2,18.6
2020-10-18,74.2,36,0,0,0,0,0,211.3,18.2
2020-10-19,74.3,33.9,0,0,0,0,0,214.1,18.4
2020-10-20,75,32.1,0,0,0,0,0,208.2,18
2020-10-21,74.9,32.2,0,0,0,0,0,207.8,18.2
2020-10-22,72.2,30.4,0,0,0,0,0,192.7,16.6
2020-10-23,69.3,31.8,0,0,0,0,0,194.8,16.9
2020-10-24,67.1,32.5,0,0,0,0,0,160.7,13.7
2020-10-25,68,36.7,0.013,8.33,0,0,60.8,97,8.4
2020-10-26,35.3,18.3,0.026,12.5,0,0,74.5,168.5,14.5
2020-10-27,45.1,11.9,0,0,0,0,0.6,198.1,17.2
2020-10-28,56.9,13.8,0,0,0,0,0,192.4,16.7
2020-10-29,57.5,22.1,0,0,0,0,0,191.5,16.4
2020-10-30,62.5,23.5,0,0,0,0,0,188.8,16.3
2020-10-31,67,24.9,0,0,0,0,0,190.2,16.4
2020-11-01,69.1,24.2,0,0,0,0,0,155.5,14
2020-11-02,68.8,29.1,0,0,0,0,0,172,15.1
2020-11-03,67.4,34.8,0,0,0,0,4.3,145.6,12.5
2020-11-04,69.2,32.4,0,0,0,0,0,176,15.2
2020-11-05,71.3,29.9,0,0,0,0,0,177.9,15.4
2020-11-06,68.1,38.3,0,0,0,0,27.7,95.8,8.3
2020-11-07,60,42.3,0.118,25,0,0,93.3,29.2,2.6
2020-11-08,46.7,34.2,0.025,4.17,0.8,0.2,75.5,103.8,9.1
2020-11-09,37.2,23,0.079,29.17,0.5,0.9,97.4,76,6.6
2020-11-10,36.2,17.3,0,0,0.2,0.3,28.5,125,10.7
2020-11-11,43.3,12.8,0,0,0,0,1.1,164.6,14.2
2020-11-12,49.2,19.1,0,0,0,0,3.4,150.3,13
2020-11-13,53.3,17.7,0,0,0,0,5.7,165.1,14.3
2020-11-14,45.9,19.9,0,0,0,0,33.7,143.5,12.3
2020-11-15,52.2,13.8,0,0,0,0,0,160.8,13.8
2020-11-16,56.7,21,0,0,0,0,0,161.5,13.9
2020-11-17,67.2,23.8,0,0,0,0,1.1,159.5,13.8
2020-11-18,68.3,34.2,0,0,0,0,4.2,123.5,10.6
2020-11-19,64.2,30.8,0,0,0,0,0,156,13.5
2020-11-20,61.2,25,0,0,0,0,0,105.8,9
2020-11-21,61.4,28.6,0,0,0,0,45.8,128.8,11.1
2020-11-22,59.3,24.6,0,0,0,0,19,106.3,9.2
2020-11-23,57.9,40.2,0,0,0,0,43.1,107.3,9.2
2020-11-24,43.8,24.3,0.086,20.83,0,0,61.3,121.3,10.5
2020-11-25,47.1,15.2,0,0,0,0,0,150.8,12.9
2020-11-26,45.7,15.4,0,0,0,0,13.5,138.2,11.9
2020-11-27,45.4,14.5,0,0,0,0,23.8,139.3,12.1
2020-11-28,42.5,13.9,0,0,0,0,0.7,148,12.8
2020-11-29,44.7,14.2,0,0,0,0,0,147.3,12.8
2020-11-30,45.7,14,0,0,0,0,0,143.6,12.4
2020-12-01,42.9,13.2,0,0,0,0,0,144.3,12.5
2020-12-02,38,11.2,0,0,0,0,15.6,129.8,11.2
2020-12-03,40.4,6.6,0,0,0,0,0,143.1,12.3
2020-12-04,43,5.9,0,0,0,0,0,141.3,12.3
2020-12-05,47.2,12.6,0,0,0,0,0,140.5,12.2
2020-12-06,46.9,15.9,0,0,0,0,0,140.9,12.1
2020-12-07,50,10.9,0,0,0,0,0,140.9,12.1
2020-12-08,51.3,12,0,0,0,0,0,140.4,12.1
2020-12-09,52.8,9.7,0,0,0,0,0,139.2,12.1
2020-12-10,37.5,16.2,0.209,37.5,1.1,0.4,72.9,27.1,2.5
2020-12-11,34.3,16,0,0,0.6,1.5,59.9,55.3,4.8
2020-12-12,32.3,11.4,0.249,20.83,1.8,1.5,62.4,23.8,2
2020-12-13,24.2,1.5,0,0,1.1,3.4,0,136.7,11.8
2020-12-14,31.1,12.3,0,0,0,2.8,85.5,44.5,3.8
2020-12-15,33.1,9.8,0,0,0,2.7,0.1,136.7,11.8
2020-12-16,34.5,5.4,0,0,0,2.6,0,130.4,11.1
2020-12-17,35.3,5.5,0,0,0.5,2.7,30.3,67.6,5.8
2020-12-18,38,14.7,0.031,8.33,0.3,3.1,57.5,125.3,10.8
2020-12-19,37.3,8.3,0,0,0.2,2.5,0,132,11.3
2020-12-20,40.4,9.3,0,0,0.1,2.5,0,131.3,11.2
2020-12-21,45.8,12.1,0,0,0,2.5,0,131.8,11.3
2020-12-22,46.6,14.2,0,0,0,2.1,3.2,122.2,10.5
2020-12-23,29.1,7,0,0,0,1.5,8,133.6,11.7
2020-12-24,34.2,4.7,0,0,0,1.2,0,130.9,11.3
2020-12-25,38.7,5.5,0,0,0,1.2,0,133.7,11.5
2020-12-26,42.8,9.9,0,0,0,1.2,0,116.8,10.1
2020-12-27,34.6,13.9,0.012,4.17,0.6,1.4,52.2,52,4.3
2020-12-28,42.1,24.4,0.062,16.67,0.4,1.9,94.5,40.8,3.5
2020-12-29,32.4,17.1,0.012,4.17,0,1.2,74.1,62.7,5.3
2020-12-30,33.5,7.6,0,0,0,1.2,0.3,136.3,11.8
2020-12-31,33.2,8.9,0,0,0,1.2,24.3,66.4,5.8
2021-01-01,34.7,13.9,0,0,0,1.2,48.5,130.7,11.3
2021-01-02,37.2,10.1,0,0,0,1.2,1.4,133.5,11.6
2021-01-03,38.8,13.2,0,0,0,1.1,13.7,83.5,7.2
2021-01-04,41.7,14.2,0,0,0.8,1,33.7,123.3,10.7
2021-01-05,43.1,19.3,0,0,0,0.8,15.4,135.8,11.8
2021-01-06,42.2,12.7,0,0,0.5,1,0,139.5,12.1
2021-01-07,43.7,14.5,0,0,0,1,0,140,12.2
2021-01-08,40.7,12.1,0,0,0.9,0.7,1.1,130,11.3
2021-01-09,41.4,14.3,0,0,0,0.1,12.9,117.8,10.2
2021-01-10,37.3,14.8,0,0,0,0,20,142.2,12.3
2021-01-11,38.2,6.5,0,0,0,0,0,140.9,12.4
2021-01-12,35.4,4.5,0,0,0,0,0,133.5,11.5
2021-01-13,41.8,14,0,0,0,0,0,114.6,9.8
2021-01-14,45,18.2,0,0,0,0,0,130.1,11.1
2021-01-15,51.1,14.2,0,0,0,0,0,141.9,12.1
2021-01-16,50.1,23,0,0,0,0,11.5,136.8,11.8
2021-01-17,52.8,17.7,0,0,0,0,0,140.5,12
2021-01-18,48.9,21,0,0,2,0.7,11.5,116.5,10
2021-01-19,35,21.1,0.168,37.5,1.2,2.8,85.1,50.2,4.3
2021-01-20,38.5,14.9,0,0,0,2,14.5,145.4,12.7
2021-01-21,41.6,18.2,0,0,0.5,1,70.4,125.7,10.9
2021-01-22,41.1,25.6,0.031,8.33,3.2,2.9,95.4,47.2,3.9
2021-01-23,41.2,26.1,0.05,8.33,1.1,2.1,77.5,77.4,6.6
2021-01-24,38.6,26,0.252,33.33,0.9,2.2,85.9,75.2,6.4
2021-01-25,32.3,21.5,0.082,16.67,1.7,3,87,97.4,8.4
2021-01-26,24.6,11.3,0.138,20.83,0.9,4.7,83,112,9.7
2021-01-27,29.2,-2.5,0,0,0,4,53.8,141.4,12.1
2021-01-28,41.6,12.8,0,0,0,3.1,3.7,107.8,9.4
2021-01-29,49.1,30.2,0,0,0,2.5,70.5,83.6,7.2
2021-01-30,38.8,20.4,0,0,0,2.2,48.3,161.1,13.9
2021-01-31,40.5,11.2,0,0,0,1.5,0,158.7,13.7
2021-02-01,46.4,23.9,0,0,0,1.2,42,105.7,9.2
2021-02-02,52.3,34.4,0,0,5.3,3.8,99.2,100.5,8.6
2021-02-03,55,34.4,0,0,0,3.9,57.6,132.3,11.4
2021-02-04,40,21.8,0,0,0,3,22.5,168.7,14.6
2021-02-05,40.2,16.4,0,0,0,2,20.8,150.3,13.1
2021-02-06,45.1,19.2,0,0,0,1.8,22.1,171.3,14.9
2021-02-07,51.3,18.4,0,0,0,1,0,159.3,13.8
2021-02-08,53,17,0,0,0,0.1,4.8,160.9,13.9
2021-02-09,52.1,33.4,0,0,0,0,77.1,113.6,9.8
2021-02-10,47.4,29.3,0,0,0,0,92.2,76,6.6
2021-02-11,51.2,20.2,0,0,0,0,1.1,175.5,15.2
2021-02-12,44.1,26.5,0,0,0,0,68.8,77.8,6.9
2021-02-13,35.3,21.7,0.314,45.83,4.8,1.7,73.8,47.2,4.2
2021-02-14,31.5,9.7,0.571,58.33,2.9,6.9,92.9,20.6,1.6
2021-02-15,29.4,7.8,0.006,4.17,2.5,7.5,82.8,88.5,7.6
2021-02-16,33.3,15.8,0.258,29.17,1.3,9.2,74.5,135.6,11.6
2021-02-17,33,7.3,0,0,0,6.5,27.8,150.2,12.9
2021-02-18,33,3.3,0,0,0,5.1,4.1,203.3,17.5
2021-02-19,39,7.4,0,0,0,4,17.4,199.3,17.1
2021-02-20,46.4,14.4,0,0,0,3.6,26.3,192.9,16.7
2021-02-21,37,17.8,0,0,0,2.9,8.9,205.8,17.7
2021-02-22,46.2,16,0,0,0,2,0,208.5,18
2021-02-23,49.2,20.1,0,0,0,1.4,0,206.7,17.7
2021-02-24,50.2,21,0,0,0.4,0.8,6.5,208.8,18.2
2021-02-25,46.1,23,0,0,0,0.8,15.6,204,17.7
2021-02-26,45.2,19.2,0,0,0.9,0.7,0,217.4,18.7
2021-02-27,38.1,22.3,0,0,0,0.1,28.3,189.3,16.2
2021-02-28,36.9,11.1,0,0,0,0,11,216.5,18.7
2021-03-01,45.2,12.1,0,0,0,0,0,224,19.4
2021-03-02,53.1,15.7,0,0,0,0,0,230.3,19.8
2021-03-03,59.8,18.6,0,0,0.6,0.2,14.8,230.1,19.7
2021-03-04,45.6,29.3,0.084,16.67,0.4,0.7,67.6,139.4,12
2021-03-05,56.1,25.6,0,0,1,0.6,0,221.2,19
2021-03-06,60.8,25.4,0,0,0,0.1,0,201.7,17.4
2021-03-07,63.2,25.5,0,0,0,0,0,218.3,18.9
2021-03-08,64.2,35.3,0,0,0,0,31.4,171.2,14.8
2021-03-09,56.7,29.1,0,0,0,0,39.8,128.9,11.2
2021-03-10,48.8,29.3,0,0,0,0,55.5,211.1,18.2
2021-03-11,48,23.3,0,0,0,0,63.3,170.7,14.7
2021-03-12,54.9,25.7,0,0,1.1,0.4,47.5,227.2,19.7
2021-03-13,33,22.4,0.41,41.67,1.8,2,89.7,100,8.7
2021-03-14,37.8,28.3,0.058,20.83,0.9,3,95.9,156,12.9
2021-03-15,51.1,26.3,0,0,0.9,1.6,33.5,232.9,20
2021-03-16,45,29.3,0.16,20.83,0,0.1,73.3,132.4,11.3
2021-03-17,51.2,26,0,0,0,0,14.7,257.7,22.1
2021-03-18,57.2,23.9,0,0,0,0,12.7,262.4,22.5
2021-03-19,65,28.3,0,0,0,0,11.4,267.8,23
2021-03-20,64.2,28.4,0,0,0,0,16.3,228.6,19.5
2021-03-21,55.7,35.5,0.012,4.17,0,0,78.8,251,21.7
2021-03-22,51.1,29.6,0,0,0,0,51.6,252.3,21.8
2021-03-23,43.1,28.1,0.123,33.33,1.5,0.5,87,113.8,9.9
2021-03-24,40.8,29.4,0.239,41.67,0.9,1.8,90.9,97.9,8.4
2021-03-25,42.9,26.7,0.052,16.67,3.8,1.4,78.5,128.6,11.1
2021-03-26,45.1,29.4,0.113,33.33,2.3,4.4,56.7,181,15.6
2021-03-27,52.8,24.2,0,0,2.6,2.1,1.4,275.3,23.8
2021-03-28,59.3,25.9,0,0,0,1.1,0,255.9,22.1
2021-03-29,59.5,27.3,0,0,0,0.1,0,274.8,23.7
2021-03-30,46.9,27.2,0,0,0,0,0,281.9,24.3
2021-03-31,56.3,20.1,0,0,0,0,0,283.8,24.5
2021-04-01,67.1,19,0,0,0,0,0,302.9,26.3
2021-04-02,71.3,33.7,0,0,0,0,4.3,66.7,5.8
2021-04-03,76.1,31.3,0,0,0,0,0,122.2,10.5
2021-04-04,75.1,32.4,0,0,0,0,3.3,34.3,3
2021-04-05,74.1,31.9,0,0,0,0,0,205.1,17.6
2021-04-06,56.9,35.2,0,0,0,0,2.3,293,25.3
2021-04-07,63.3,23.9,0,0,0,0,0,295.5,25.5
2021-04-08,69.9,28.6,0,0,0,0,19.4,223.2,19.2
2021-04-09,64.2,28.1,0,0,0,0,0,283.7,24.5
2021-04-10,67.2,24.7,0,0,0,0,0,273.7,23.7
2021-04-11,69.3,28.7,0,0,0,0,0,237.3,20.6
2021-04-12,68.2,31.3,0,0,0,0,0,186.5,16.3
2021-04-13,61.9,39.7,0,0,0,0,63.9,131.2,11.7
2021-04-14,71,47.7,0,0,0,0,2.3,285.3,24.7
2021-04-15,59.3,33.8,0,0,0,0,21.7,264.8,23
2021-04-16,54.9,22.3,0,0,0,0,18.9,262.6,22.6
2021-04-17,52.5,30.2,0,0,0,0,61.1,227.1,19.7
2021-04-18,59,24.9,0,0,0,0,25.1,288.3,25
2021-04-19,65.1,23.2,0,0,0,0,15.5,314.4,27
2021-04-20,58.2,33.9,0,0,0,0,6,313.5,27
2021-04-21,68,31.8,0,0,0,0,4.1,234.5,20.1
2021-04-22,60.4,42.5,0,0,0,0,47,236.7,20.4
2021-04-23,61.3,35.6,0.012,4.17,0,0,34.6,241.3,20.9
2021-04-24,69.2,26.9,0,0,0,0,2.3,291.6,25.1
2021-04-25,75,41.1,0,0,0,0,4.1,265.6,22.9
2021-04-26,65,45.4,0,0,0,0,0.1,173,15
2021-04-27,56.7,37,0.003,8.33,0,0,67.1,215.1,18.6
2021-04-28,63.9,27.1,0,0,0,0,17.3,225.6,19.4
2021-04-29,74.8,30.3,0,0,0,0,0,290.8,25.1
2021-04-30,78.3,33.7,0,0,0,0,0,83.8,7.2
2021-05-01,80,36.8,0,0,0,0,0,136.2,11.7
2021-05-02,76,41.7,0,0,0,0,14.7,23.1,2
2021-05-03,58.2,38.2,0.116,4.17,0,0,41.9,221.3,19.1
2021-05-04,70,30.9,0,0,0,0,33.5,265.1,23
2021-05-05,75.9,33.7,0,0,0,0,0,206.2,17.7
2021-05-06,81.4,30.6,0,0,0,0,0,85.3,7.3
2021-05-07,82,40.8,0,0,0,0,6.6,127.4,11.1
2021-05-08,73.3,45.4,0,0,0,0,26.4,239,20.8
2021-05-09,68.3,31,0,0,0,0,10.9,314.1,27
2021-05-10,69.6,38.2,0,0,0,0,36,283.2,24.4
2021-05-11,66.1,30.8,0,0,0,0,2.2,315.3,27.4
2021-05-12,73,31.5,0,0,0,0,0.1,288,25
2021-05-13,79.3,33.9,0,0,0,0,0,68.1,5.8
2021-05-14,81.3,37.8,0,0,0,0,0,70.5,6
2021-05-15,81.3,39.3,0,0,0,0,2.3,67.8,5.9
2021-05-16,78.2,40.8,0,0,0,0,0,246,21.2
2021-05-17,69.2,46.1,0,0,0,0,28.6,255.2,22.1
2021-05-18,73.7,44.9,0,0,0,0,63.9,106.1,9.1
2021-05-19,80,39,0,0,0,0,15.6,171,14.8
2021-05-20,81.9,56.8,0,0,0,0,5.5,65.2,5.6
2021-05-21,66.1,51.3,0.106,25,0,0,77.3,108.8,9.4
2021-05-22,78,55.8,0,0,0,0,43.2,98.1,8.6
2021-05-23,64.9,39.4,0,0,0,0,2.1,19.7,1.7
2021-05-24,70.3,30,0,0,0,0,0,46,3.8
2021-05-25,77.1,33.7,0,0,0,0,0,37.2,3.2
2021-05-26,73.1,42.3,0,0,0,0,0,29.7,2.5
2021-05-27,79.6,36.9,0,0,0,0,1.1,18.2,1.5
2021-05-28,82.3,38.9,0,0,0,0,0,14.4,1.2
2021-05-29,82.3,40.5,0,0,0,0,0,29.5,2.5
2021-05-30,82.3,41.7,0,0,0,0,0,60.3,5.1
2021-05-31,77,44.3,0,0,0,0,14.4,70.4,6.1
2021-06-01,79.4,41.8,0,0,0,0,10.1,56,4.7
2021-06-02,85.2,43.6,0,0,0,0,0,10.5,0.9
2021-06-03,85.6,53.4,0,0,0,0,12.4,6.6,0.6
2021-06-04,91.7,47.9,0,0,0,0,4.4,70.3,6.1
2021-06-05,90.2,56.2,0.012,4.17,0,0,6.4,80.9,6.9
2021-06-06,89.9,51.2,0,0,0,0,3.2,21.3,1.8
2021-06-07,87.1,53.4,0,0,0,0,0,3.3,0.3
2021-06-08,85,48.7,0,0,0,0,1.2,17.9,1.6
2021-06-09,89.1,43.5,0,0,0,0,0,25.3,2.2
2021-06-10,88.3,50.1,0,0,0,0,0,69.6,6.1
2021-06-11,87.4,43.1,0,0,0,0,0,24.5,2.1
2021-06-12,92.3,41.8,0,0,0,0,0,73.6,6.4
2021-06-13,96.3,42.5,0,0,0,0,0,79.2,6.8
2021-06-14,96.3,46.8,0,0,0,0,0,164.5,14.1
2021-06-15,93.7,48.2,0,0,0,0,1.1,104.3,9.1
2021-06-16,100.2,67.6,0,0,0,0,0,150.8,13
2021-06-17,96.7,61.8,0,0,0,0,3.7,127.5,10.9
2021-06-18,94,59,0.031,4.17,0,0,6.9,23.5,1.9
2021-06-19,95.2,57.8,0,0,0,0,1.2,47,4.1
2021-06-20,94.1,54.5,0,0,0,0,0,91.5,7.8
2021-06-21,96.8,54.5,0,0,0,0,0,128.7,11
2021-06-22,92,53.9,0,0,0,0,0,132.3,11.4
2021-06-23,84.2,56.7,0.021,8.33,0,0,38.5,57.3,5
2021-06-24,83.9,47.7,0,0,0,0,10.3,98.9,8.3
2021-06-25,77.1,57.4,0.168,20.83,0,0,51.3,93.1,8
2021-06-26,81.2,47.5,0,0,0,0,8.9,26.6,2.3
2021-06-27,83.1,48.8,0,0,0,0,12.9,49.8,4.2
2021-06-28,78.8,50.1,0.005,8.33,0,0,40.7,69.9,5.8
2021-06-29,68.4,53.6,0.477,37.5,0,0,95.9,51.6,4.2
2021-06-30,81.2,57.3,0,0,0,0,55.3,59,5
2021-07-01,86.8,54.3,0,0,0,0,14.1,28.1,2.3
2021-07-02,92.1,54,0,0,0,0,11.9,57,4.9
2021-07-03,90.5,61.7,0,0,0,0,4.9,112.3,9.7
2021-07-04,95.8,55.1,0,0,0,0,4.8,160.2,13.6
2021-07-05,94.2,59.5,0,0,0,0,17.7,49.9,4.4
2021-07-06,92.2,56.7,0.012,4.17,0,0,14.2,66.3,5.7
2021-07-07,93.1,61.5,0,0,0,0,1.2,5.4,0.4
2021-07-08,96.9,65.7,0.012,8.33,0,0,0,40.1,3.5
2021-07-09,100.9,56.8,0,0,0,0,0,72.3,6.2
2021-07-10,100.3,59.2,0,0,0,0,0,98,8.4
2021-07-11,96.2,59.9,0,0,0,0,0,45.2,4
2021-07-12,93.8,58.9,0,0,0,0,0.1,126.8,11.1
2021-07-13,92.9,65.3,0.108,12.5,0,0,19.3,94.3,8
2021-07-14,79.3,61.5,0.062,12.5,0,0,62.1,100,8.5
2021-07-15,89.2,54.5,0,0,0,0,4.9,239,20.7
2021-07-16,89.5,56.8,0.019,4.17,0,0,26.1,65.8,5.5
2021-07-17,88.9,66.2,0,0,0,0,24.9,70.1,6
2021-07-18,92,57.5,0.012,4.17,0,0,17,84.7,7.3
2021-07-19,90.3,61.9,0.051,12.5,0,0,30.5,94.6,8.2
2021-07-20,92.2,60.7,0,0,0,0,22.3,15.8,1.4
2021-07-21,90.3,63.9,0,0,0,0,10.7,0.5,0
2021-07-22,88.2,64.2,0.158,16.67,0,0,43.2,62.8,5.4
2021-07-23,84.7,62.7,0.097,8.33,0,0,52.2,39,3.4
2021-07-24,78,60.8,0.152,16.67,0,0,43.5,31.7,2.7
2021-07-25,81.8,56.4,0,0,0,0,19.4,2.3,0.2
2021-07-26,86.1,56.4,0,0,0,0,47,30.2,2.6
2021-07-27,81.3,58.1,0.173,4.17,0,0,34,17.5,1.5
2021-07-28,87.2,60.1,0.035,4.17,0,0,22.4,0.4,0
2021-07-29,89.2,59.6,0.032,12.5,0,0,32.7,36.4,3.1
2021-07-30,86.7,60.9,0.132,20.83,0,0,38.9,29.7,2.5
2021-07-31,86.9,54.9,0,0,0,0,8.3,30.8,2.6
2021-08-01,85.8,60.3,0.001,4.17,0,0,51.2,47.2,4.1
2021-08-02,85.7,62.3,0.026,16.67,0,0,32.5,86.3,7.4
2021-08-03,87,52.9,0,0,0,0,16.8,131.6,11.4
2021-08-04,89,52.2,0,0,0,0,1.1,92.6,8
2021-08-05,90,54.7,0,0,0,0,0,191,16.5
2021-08-06,92.8,52.8,0,0,0,0,5.5,73.2,6.2
2021-08-07,85.2,51.3,0,0,0,0,65.8,53.3,4.5
2021-08-08,90.2,47.8,0,0,0,0,0,99.5,8.5
2021-08-09,90.4,48.4,0,0,0,0,0,63.4,5.5
2021-08-10,93,50.7,0,0,0,0,0,22.4,1.8
2021-08-11,88.4,58.3,0,0,0,0,2.1,4.1,0.3
2021-08-12,89.6,61.2,0,0,0,0,0,16,1.3
2021-08-13,91.3,61,0.673,12.5,0,0,7.6,104.2,8.9
2021-08-14,86.4,56,0,0,0,0,2.1,72.5,6.2
2021-08-15,90.8,60.3,0.003,4.17,0,0,10.8,74.2,6.3
2021-08-16,81.1,56.1,0.465,8.33,0,0,13.3,47.2,4.1
2021-08-17,86.5,50.8,0,0,0,0,0,38.3,3.3
2021-08-18,80.3,56.6,0.265,25,0,0,42.9,46.2,4
2021-08-19,76.2,54.8,0.151,12.5,0,0,81.2,58.9,5.2
2021-08-20,75,47.3,0.108,8.33,0,0,24.2,152.5,13.3
2021-08-21,82.8,48.7,0,0,0,0,40,281.7,24.5
2021-08-22,83.9,52.6,0,0,0,0,3.3,311.8,27.1
2021-08-23,87,53.7,0,0,0,0,18.4,298.2,25.7
2021-08-24,84.1,51.9,0,0,0,0,0,319.7,27.6
2021-08-25,88.3,46.3,0,0,0,0,0,307.6,26.3
2021-08-26,87.8,56.3,0,0,0,0,35.6,251.7,21.6
2021-08-27,88.2,58,0.039,4.17,0,0,13.9,300.4,25.9
2021-08-28,89.2,52.8,0,0,0,0,4.8,293.7,25.4
2021-08-29,91.3,50.3,0,0,0,0,0,297.9,25.8
2021-08-30,89.2,53.8,0,0,0,0,0,273.6,23.5
2021-08-31,89.3,53.1,0,0,0,0,5.4,256.5,22
2021-09-01,71.8,59.7,0.466,33.33,0,0,68,81.7,7.1
2021-09-02,72.4,55.6,0.116,20.83,0,0,63.8,145.2,12.6
2021-09-03,79.3,51.8,0.012,4.17,0,0,6.8,224.8,19.3
2021-09-04,83.1,49.9,0,0,0,0,5.9,273.4,23.6
2021-09-05,87,44.3,0,0,0,0,0,288.8,25.1
2021-09-06,88.2,46,0,0,0,0,0,275.1,23.9
2021-09-07,91.2,46.2,0,0,0,0,0,274.7,23.9
2021-09-08,90.4,48.6,0,0,0,0,0,272.9,23.7
2021-09-09,92.2,47.1,0,0,0,0,0,280.8,24.4
2021-09-10,90.4,49.8,0,0,0,0,0,266.8,23.2
2021-09-11,87,51.4,0,0,0,0,1.1,261.6,22.8
2021-09-12,86.4,51.2,0,0,0,0,4.3,264.5,22.7
2021-09-13,85.3,49.8,0,0,0,0,14.3,260.1,22.6
2021-09-14,86.4,51.4,0,0,0,0,25.1,272.9,23.6
2021-09-15,85.4,43.2,0,0,0,0,0,269.8,23.3
2021-09-16,83.1,44.1,0,0,0,0,0,260,22.5
2021-09-17,83.4,41.7,0,0,0,0,0,272.5,23.4
2021-09-18,84.1,44.9,0.238,16.67,0,0,42,165.6,14.3
2021-09-19,76.2,50.9,0.05,12.5,0,0,36.6,228,19.5
2021-09-20,72.4,47.2,0,0,0,0,3.2,236.7,20.4
2021-09-21,74.2,34.3,0,0,0,0,0,270.9,23.5
2021-09-22,77.6,35.6,0,0,0,0,0,250.4,21.6
2021-09-23,79.5,37.3,0,0,0,0,1.2,248.1,21.4
2021-09-24,81.3,41.4,0,0,0,0,2.2,243.5,21.1
2021-09-25,82.1,40.8,0,0,0,0,6.2,238.7,20.6
2021-09-26,73.2,44.8,0,0,0,0,19.8,140.7,12.2
2021-09-27,67.5,51.8,0.107,25,0,0,58.7,105.9,9.3
2021-09-28,66.2,44.4,0,0,0,0,60.8,132.8,11.5
2021-09-29,65.2,51.3,0.02,8.33,0,0,73,117.4,10.1
2021-09-30,57.2,42.4,0.403,29.17,0,0,64.5,101.1,8.8
2021-10-01,58.2,45,0.014,12.5,0,0,82.7,131,11.2
2021-10-02,67,40.2,0,0,0,0,7.3,223.3,19.3
2021-10-03,72.2,40.5,0,0,0,0,0,222.9,19.2
2021-10-04,74.9,39.6,0,0,0,0,0,224,19.4
2021-10-05,73.9,41.4,0.019,4.17,0,0,33.9,159.8,13.8
2021-10-06,67.2,48.2,0.285,20.83,0,0,40.9,176.6,15.2
2021-10-07,70.2,40.7,0,0,0,0,7.4,159.1,13.7
2021-10-08,69.2,47.7,0,0,0,0,36.5,123.4,10.8
2021-10-09,63.1,45.6,0.05,4.17,0,0,49.7,197.5,17.1
2021-10-10,62,37,0,0,0,0,9.2,213.8,18.6
2021-10-11,66,30,0,0,0,0,2.1,188.8,16.3
2021-10-12,54.8,32.8,0.373,45.83,0,0,90.3,58.4,4.9
2021-10-13,46.2,32.2,0,0,0,0,77.9,98,8.5
2021-10-14,51.1,29.4,0.012,4.17,0,0,65,146.5,12.6
2021-10-15,54.2,24.9,0,0,0,0,0,209.5,18
2021-10-16,62.5,26.3,0,0,0,0,0,208.5,18.1
2021-10-17,70.3,30.5,0,0,0,0,0.1,191.3,16.5
2021-10-18,67.1,33.4,0,0,0,0,9.4,190.5,16.4
2021-10-19,54.3,33.2,0.012,4.17,0,0,48.6,186.3,16.1
2021-10-20,61.2,26,0,0,0,0,0,194.5,16.7
2021-10-21,65.2,27.1,0,0,0,0,0,162.5,13.9
2021-10-22,68.3,27.3,0,0,0,0,0,189.7,16.4
2021-10-23,63.2,31.5,0,0,0,0,25.5,136.2,11.7
2021-10-24,65.1,35.7,0,0,0,0,22.8,156.9,13.3
2021-10-25,72.3,36.9,0,0,0,0,0,177.2,15.3
2021-10-26,60.7,35.9,0.398,25,0,0,71.3,57.8,4.9
2021-10-27,50.1,31.5,0,0,0,0,4.5,176.1,15.1
2021-10-28,62.1,34.2,0,0,0,0,0,173.8,15.1
2021-10-29,64.3,28.4,0,0,0,0,0,172.5,14.8
2021-10-30,66.2,28.7,0,0,0,0,0,172,14.8
2021-10-31,65.7,32.4,0,0,0,0,0,151.1,13
2021-11-01,63.3,32.1,0,0,0,0,14.6,151.3,13.2
2021-11-02,61.3,38,0,0,0,0,54.7,128.5,11
2021-11-03,63.2,27.3,0,0,0,0,0.1,165.2,14.4
2021-11-04,61.4,25.8,0,0,0,0,0,166.7,14.3
2021-11-05,64.5,27.8,0,0,0,0,0,159.4,13.8
2021-11-06,68.4,27.1,0,0,0,0,0,161.6,13.8
2021-11-07,67.3,27.1,0,0,0,0,0,147.8,13.2
2021-11-08,66,31.4,0,0,0,0,0,147.4,12.7
2021-11-09,59.1,29.8,0.012,4.17,0,0,34,86.1,7.3
2021-11-10,55,30.5,0,0,0,0,25.1,156.1,13.4
2021-11-11,55.9,26.8,0,0,0,0,0,155.9,13.6
2021-11-12,62.1,26.3,0,0,0,0,0,150.3,13.1
2021-11-13,61.2,27.5,0,0,0,0,0,137.7,11.9
2021-11-14,62.1,25.8,0,0,0,0,0,126.3,10.9
2021-11-15,62.6,28.8,0,0,0,0,0,141.7,12
2021-11-16,61.2,30.5,0,0,0,0,2.3,87.9,7.5
2021-11-17,56.9,20.5,0,0,0,0,0,145,12.5
2021-11-18,55.1,15,0,0,0,0,0,142.1,12.2
2021-11-19,56.3,24.6,0,0,0,0,3.4,100.3,8.7
2021-11-20,54.1,24.8,0,0,0,0,48.3,94.3,8.2
2021-11-21,52.3,20.7,0,0,0,0,0,139.9,12.1
2021-11-22,51.8,17.1,0,0,0,0,0,137.9,11.8
2021-11-23,46.3,18.2,0.091,16.67,0,0,47.7,32.8,2.9
2021-11-24,45.2,24.2,0.001,4.17,0,0,25.2,132.3,11.6
2021-11-25,46.2,15.1,0,0,0,0,2.1,134,11.5
2021-11-26,46,15.5,0,0,0,0,0,131.9,11.5
2021-11-27,49.1,20.6,0,0,0,0,0,130.7,11.2
2021-11-28,52.9,20.1,0,0,0,0,0,128.2,10.8
2021-11-29,54,22.1,0,0,0,0,0,128.4,10.9
2021-11-30,55.8,24.2,0,0,0,0,0,131,11.4
2021-12-01,54.1,20.2,0,0,0,0,0,126,10.9
2021-12-02,55,21.9,0,0,0,0,0,125.3,10.8
2021-12-03,55.5,21.3,0,0,0,0,0,124.5,10.7
2021-12-04,55.6,20.3,0,0,0,0,0,123.3,10.6
2021-12-05,54.5,22.4,0,0,0,0,0,123.8,10.7
2021-12-06,51.3,17.4,0,0,0,0,12.5,99.4,8.7
2021-12-07,46.1,27.4,0.033,16.67,0,0,76.1,52.6,4.5
2021-12-08,45.1,20.5,0,0,0,0,74.2,45.8,3.9
2021-12-09,42.9,37.4,0.769,37.5,1.2,0.4,99.9,14.9,1.4
2021-12-10,36.5,13.8,0.255,37.5,0.7,1.4,59.7,47.9,4.2
2021-12-11,31,8.4,0,0,0.8,1.4,0,123.7,10.6
2021-12-12,43.1,14,0,0,4.2,3.5,0,122.9,10.5
2021-12-13,52.6,19.5,0,0,0,3.6,7.8,117.8,10.2
2021-12-14,46.8,38.6,0.001,4.17,1,1.4,74.4,49,4.2
2021-12-15,46.7,16.3,0.11,8.33,0.6,1.7,66.2,69.4,6.1
2021-12-16,37.1,9.9,0,0,0,1.1,8.6,91.8,8
2021-12-17,37.1,13.4,0,0,0,1,3.2,120.7,10.3
2021-12-18,33.5,8.4,0,0,0.6,0.9,0,119.7,10.2
2021-12-19,38.2,12.1,0,0,1.6,1.5,0,119.9,10.3
2021-12-20,43.3,12.6,0,0,0,2,0,119.1,10.2
2021-12-21,43.3,15.6,0,0,0,2,0,102.1,8.7
2021-12-22,45.8,16,0,0,0,1.8,0,99.9,8.6
2021-12-23,47,30.8,0.04,8.33,0,1.2,87.5,29,2.7
2021-12-24,42.1,35.5,0.724,75,3,2.2,100,14.4,1.3
2021-12-25,43.7,34.3,0.012,4.17,1.8,5.4,78.5,89.4,7.7
2021-12-26,42.8,30.3,0,0,0,5.2,56.9,71.5,6
2021-12-27,37.8,25.1,0,0,0,5.1,70.3,50.3,4.2
2021-12-28,34,23.9,0.069,16.67,2.4,3.4,99.1,38.2,3.4
2021-12-29,32.3,27.4,0.117,33.33,1.5,4.6,100,53.7,4.6
2021-12-30,36.1,23.8,0,0,0,4.2,92.5,75,6.6
2021-12-31,41.2,31.3,0.045,16.67,0,2.8,97.1,58.1,5.1
2022-01-01,30.9,12.2,0.006,4.17,0,2.2,51,124.8,10.6
2022-01-02,30.1,5.5,0,0,0,2,0,122.6,10.5
2022-01-03,35,10.1,0,0,0,1.5,0,127,11.1
2022-01-04,43.7,19.9,0,0,0,1.3,17.2,90.4,7.8
2022-01-05,44.1,18.8,0,0,0.6,1.2,1.1,122.3,10.7
2022-01-06,48.1,22.6,0,0,4.8,4.3,2.3,126.1,10.9
2022-01-07,53.1,23.2,0,0,0,5.7,0,124.8,10.9
2022-01-08,44.2,27.7,0,0,0,5.2,47.3,49.7,4.3
2022-01-09,43.2,16.9,0,0,0,5.1,0,130.4,11.3
2022-01-10,44.4,17.1,0,0,0,5.1,0,130.5,11.3
2022-01-11,43.5,18.3,0,0,0,5.1,0,119.9,10.4
2022-01-12,46.1,18.3,0,0,0,5.1,0,126.4,10.9
2022-01-13,49.4,20.6,0,0,0,5.1,3.7,123,10.9
2022-01-14,47.8,25.1,0,0,0,4.9,7.8,131.3,11.4
2022-01-15,45.2,18.3,0,0,0,3.8,0,136.2,11.8
2022-01-16,45.5,16.5,0,0,0,3,0,136.4,11.6
2022-01-17,43,13.1,0,0,0,2,0,115.8,10.1
2022-01-18,46.1,17.6,0,0,0,2,25.8,120.2,10.3
2022-01-19,44.1,19.8,0,0,0,2,0,128.2,11.3
2022-01-20,45,16.6,0,0,0,2,0,139.9,12
2022-01-21,39.1,17.3,0,0,0.1,1.8,58.6,59.3,5.2
2022-01-22,48.6,21.6,0,0,0,1.2,20.9,139.5,12.1
2022-01-23,47.9,15.6,0,0,0,1.2,0,142.6,12.3
2022-01-24,47.2,18.7,0,0,0,1.2,0,146.8,12.7
2022-01-25,44.2,15.5,0,0,0,1.2,37.5,107.9,9.4
2022-01-26,41.2,19.6,0,0,0,0.9,47.6,145.3,12.5
2022-01-27,39.9,12.2,0,0,0,0.1,0,151.7,13.1
2022-01-28,40.3,8.3,0,0,0,0,0,151.6,13
2022-01-29,45.5,9.8,0,0,0,0,0,155.8,13.4
2022-01-30,44.1,14,0,0,0,0,0,144.7,12.5
2022-01-31,47.1,12.8,0,0,0,0,0,141.3,12.3
2022-02-01,41.3,21.3,0,0,1.2,0.4,61.1,75.8,6.6
2022-02-02,33,18,0.024,8.33,0.7,1,52.4,156.4,13.6
2022-02-03,30.9,3.5,0,0,1.6,1.5,0,138.4,12.2
2022-02-04,35.1,2.8,0,0,0,2,0,165.3,14.3
2022-02-05,41.1,5.4,0,0,0,2,0,168,14.6
2022-02-06,46,10.1,0,0,0,1.8,0,169.4,14.6
2022-02-07,44.3,9.5,0,0,0,1,0,172.2,14.8
2022-02-08,55.6,14.2,0,0,0,0.1,0,173.1,14.9
2022-02-09,53.4,15,0,0,0,0,0,155,13.4
2022-02-10,54.8,20,0,0,0,0,0,162,13.9
2022-02-11,58.9,20.4,0,0,0,0,0,180.5,15.5
2022-02-12,49,19,0,0,0,0,0,181.3,15.7
2022-02-13,53.1,15.6,0,0,0,0,0,185.9,16.1
2022-02-14,55.1,14.4,0,0,0,0,0,184.2,16
2022-02-15,56,23.2,0,0,0,0,1.1,153.8,13.3
2022-02-16,47.1,26.4,0.073,12.5,0.9,0.3,80.5,128.1,11
2022-02-17,43,20.3,0.012,4.17,0.6,1,29.6,195.8,16.7
2022-02-18,48.9,13.7,0,0,0,0.4,0,195.9,16.8
2022-02-19,51.2,14.4,0,0,0,0,0,198.3,17.1
2022-02-20,55.8,15.8,0,0,0,0,0,193.8,16.8
2022-02-21,43.8,31.5,0.037,12.5,2.1,0.7,63.3,46.5,4.1
2022-02-22,40.3,27.8,0.175,41.67,1.7,3.1,99.5,108.7,9.5
2022-02-23,36.2,22.7,0.186,29.17,1.7,3,99.2,63.2,5.4
2022-02-24,29.9,8.1,0.034,12.5,0.5,3.5,59.7,143.2,12.7
2022-02-25,37,7.1,0,0,0.2,2.5,4.5,199.7,17.4
2022-02-26,37.2,6.8,0,0,0,1.7,0,215.7,18.8
2022-02-27,44.2,10.4,0,0,0,1.1,0,215.4,18.5
2022-02-28,51.3,18.3,0,0,0.3,0.6,0,214.8,18.4
2022-03-01,58.3,21.9,0,0,0.1,0.3,0,220,19
2022-03-02,63.3,23.5,0,0,0,0.8,0,223,19.3
2022-03-03,67.7,26,0,0,0,1.4,0,183.9,15.9
2022-03-04,56.6,33.2,0,0,0.8,0.2,70.4,102.6,8.9
2022-03-05,45,31.3,0.081,16.67,1.3,0.8,99.2,81.1,7.1
2022-03-06,34.9,22,0.043,20.83,0.8,1.4,85.7,117.2,10.2
2022-03-07,34.7,19.9,0,0,0.7,1.4,71.6,130.7,11.4
2022-03-08,38.9,16.3,0,0,1.7,1.5,5.8,229.1,19.8
2022-03-09,44.8,24,0,0,1,1.2,81.1,173.5,15
2022-03-10,36.4,23.2,0.094,33.33,1.1,1.5,71.7,122.5,10.6
2022-03-11,39.9,16.5,0,0,1.7,1.1,0,235.8,20.5
2022-03-12,48,17.6,0,0,0,0.1,0,235.5,20.4
2022-03-13,54.8,19,0,0,0.8,0.3,12.7,231.6,19.3
2022-03-14,55,26.8,0,0,0.5,0.9,17.3,245.8,21.3
2022-03-15,58.3,20.5,0,0,0,0.1,0,244.2,21.1
2022-03-16,59.9,28.5,0,0,0,0,36.3,193.5,16.7
2022-03-17,48.9,29.3,0,0,0,0,9.9,251.4,21.6
2022-03-18,55.1,20.3,0,0,0,0,10.5,245.8,21.2
2022-03-19,57,19.6,0,0,0,0,0,205.8,17.9
2022-03-20,55.3,40.2,0,0,0,0,58.5,77.3,6.6
2022-03-21,52,31.6,0.062,8.33,0.1,0,42.4,239.5,20.8
2022-03-22,48.9,27,0,0,0,0,1.2,234.1,20.1
2022-03-23,55.8,20.4,0,0,0,0,0,265.3,22.8
2022-03-24,65.8,24.4,0,0,0,0,0,262.8,22.6
2022-03-25,69.3,27.7,0,0,0,0,0,264.4,22.7
2022-03-26,74.7,28.4,0,0,0,0,0,264.6,22.8
2022-03-27,73.9,29.2,0,0,0,0,0,260.6,22.6
2022-03-28,67.1,32.5,0.019,4.17,0,0,39.1,167.5,14.5
2022-03-29,46.7,33.7,0.548,54.17,0.4,0,99.4,204.6,17.7
2022-03-30,53.1,35.2,0.025,8.33,0,0,60.2,216.4,18.7
2022-03-31,57.2,27.9,0.001,4.17,0,0,27.9,230,19.8
2022-04-01,58.3,35.7,0.013,8.33,0,0,33.9,278.1,24.1
2022-04-02,66,26.5,0,0,0,0,11.9,280.2,24.2
2022-04-03,64.2,39.2,0,0,0,0,50.8,179.8,15.5
2022-04-04,64.1,41.8,0.001,4.17,0,0,25.6,271.4,23.5
2022-04-05,70.7,33.3,0,0,0,0,7.2,267.8,23.2
2022-04-06,52.2,29.7,0,0,0,0,0,283.8,24.5
2022-04-07,61.3,21.3,0,0,0,0,0,284.6,24.4
2022-04-08,68.4,26.4,0,0,0,0,0,282.3,24.3
2022-04-09,71,27.8,0,0,0,0,1.1,245.3,21
2022-04-10,63,40.7,0,0,0,0,8.3,230.4,19.9
2022-04-11,65,26.8,0,0,1.2,0.4,24,232.9,20
2022-04-12,54.2,28.3,0.299,16.67,0.7,1.4,73.1,174.3,15
2022-04-13,46,22.6,0,0,0,0.6,43.9,269,23.4
2022-04-14,57,20,0,0,0,0,5.2,272.8,23.5
2022-04-15,65.8,30.7,0,0,0,0,0,283,24.4
2022-04-16,69.3,33,0,0,0,0,6.9,270.9,23.3
2022-04-17,69.2,32.6,0,0,0,0,0,291.6,25.2
2022-04-18,75,29.1,0,0,0,0,0,256.7,22
2022-04-19,76,39.6,0,0,0,0,4.8,236.1,20.5
2022-04-20,73.1,38.9,0,0,0,0,0,295.8,25.7
2022-04-21,76.1,35.2,0,0,0,0,0,294.1,25.4
2022-04-22,67,43.1,0,0,0,0,47.7,167.7,14.5
2022-04-23,52.4,32.3,0.012,4.17,0,0,77.7,180,15.3
2022-04-24,54,21,0,0,0,0,28.1,196.4,16.9
2022-04-25,61.4,23.8,0,0,0,0,0,301.2,26.1
2022-04-26,72,27.6,0,0,0,0,0,264,22.8
2022-04-27,74.6,42.7,0,0,0,0,2.2,281.6,24.3
2022-04-28,71.1,36.1,0,0,0,0,0,281.1,24.2
2022-04-29,62.1,39.3,0,0,0,0,0,301.3,26
2022-04-30,68.4,26.3,0,0,0,0,0,305.1,26.6
2022-05-01,74.9,32.2,0,0,0,0,16.7,292.7,25.3
2022-05-02,68.1,34.3,0,0,0,0,10.5,305.6,26.6
2022-05-03,71.8,38.6,0,0,0,0,10.1,203.4,17.9
2022-05-04,56.7,25.6,0,0,0,0,28.2,291.2,25.1
2022-05-05,70.1,27,0,0,0,0,0,309.1,26.7
2022-05-06,81.2,36.8,0,0,0,0,0,299.8,26
2022-05-07,82.9,44.3,0,0,0,0,0,292,25.3
2022-05-08,77.1,52.7,0,0,0,0,25.3,299.5,26
2022-05-09,73,47.7,0,0,0,0,6.6,306.8,26.6
2022-05-10,78.2,41.2,0,0,0,0,0,306.7,26.5
2022-05-11,77.9,43.6,0,0,0,0,0.1,209.2,18
2022-05-12,63.3,34.9,0,0,0,0,0.2,353.5,30.5
2022-05-13,72.3,29.6,0,0,0,0,0,345.4,29.7
2022-05-14,80.2,32.9,0,0,0,0,0,358,30.8
2022-05-15,85.9,37.5,0,0,0,0,0,340,29.3
2022-05-16,83.8,42.1,0,0,0,0,0,282.2,24.4
2022-05-17,83.8,40.7,0,0,0,0,0,338.8,29.1
2022-05-18,83,44.5,0,0,0,0,0,345.3,29.8
2022-05-19,84.8,41,0,0,0,0,0,289.8,25
2022-05-20,71,50.2,0,0,0,0,42.7,306.2,26.3
2022-05-21,67.4,46.1,0,0,0,0,83.3,336,29
2022-05-22,73,39.6,0,0,0,0,29.1,316.2,27.3
2022-05-23,62.3,50.7,0,0,0,0,39.7,168.3,14.4
2022-05-24,68.2,31.7,0,0,0,0,5.7,327.5,28.3
2022-05-25,77.1,33.9,0,0,0,0,0,347.4,30
2022-05-26,85.1,39,0,0,0,0,0,363.2,31.4
2022-05-27,86.9,41.1,0,0,0,0,0,342.6,29.7
2022-05-28,81.1,54.2,0,0,0,0,0,305.8,26.4
2022-05-29,73.9,49.2,0,0,0,0,33.9,266.2,23.1
2022-05-30,67,30,0,0,0,0,16.7,311.7,26.8
2022-05-31,72.2,32,0,0,0,0,0.1,359.9,31
2022-06-01,78.2,34.9,0,0,0,0,0,350.1,30.5
2022-06-02,82.4,37.7,0,0,0,0,0,365.6,31.6
2022-06-03,83.1,41.5,0,0,0,0,0,330.5,28.6
2022-06-04,82.1,40.9,0,0,0,0,0,316.6,27.2
2022-06-05,83.1,53,0,0,0,0,3.4,319.6,27.6
2022-06-06,87.2,46.5,0,0,0,0,9.1,331,28.5
2022-06-07,88.2,50.3,0,0,0,0,3.3,345.9,29.9
2022-06-08,92,48,0,0,0,0,0,365.3,31.5
2022-06-09,92,55.8,0,0,0,0,0,349.6,30.4
2022-06-10,94.2,48.4,0,0,0,0,0,369.2,31.8
2022-06-11,94.8,53.8,0,0,0,0,0,340.8,29.3
2022-06-12,91,56.5,0,0,0,0,1.1,318.7,27.6
2022-06-13,89.9,56.3,0,0,0,0,30.9,321.1,27.8
2022-06-14,81.4,56.6,0,0,0,0,8.4,363.5,31.4
2022-06-15,85.4,42.5,0,0,0,0,0,361.2,31.2
2022-06-16,95.4,41.8,0,0,0,0,0,353.1,30.4
2022-06-17,90.1,63.2,0,0,0,0,21.6,241.1,21
2022-06-18,79.6,58.2,0.343,20.83,0,0,57.6,162.8,14
2022-06-19,73.7,58.1,0.039,12.5,0,0,46.4,241.5,20.8
2022-06-20,78.2,47.2,0,0,0,0,0,377,32.7
2022-06-21,86.4,40.4,0,0,0,0,0,345.6,29.9
2022-06-22,77.7,62.2,0,0,0,0,40.8,247.5,21.3
2022-06-23,82.9,60.4,0.078,8.33,0,0,51.4,290.9,25.2
2022-06-24,85,54.2,0,0,0,0,8.5,328.6,28.4
2022-06-25,89,49.4,0,0,0,0,19.6,252.1,21.8
2022-06-26,78.3,56.5,0.4,33.33,0,0,64.2,172.3,14.9
2022-06-27,80.8,48.9,0.14,8.33,0,0,4,347.5,30.1
2022-06-28,81.8,56,0,0,0,0,8,292.3,25.3
2022-06-29,89,51.2,0,0,0,0,1.1,347.3,30
2022-06-30,84.9,60.8,0.012,4.17,0,0,44.6,184,15.8
2022-07-01,83.9,57.4,0.002,4.17,0,0,21.3,241.8,20.8
2022-07-02,88.1,54.4,0,0,0,0,7.1,323,27.7
2022-07-03,83.5,65.9,0.014,16.67,0,0,66.1,222.2,19.4
2022-07-04,85.4,56.1,0,0,0,0,25.5,303.1,25.9
2022-07-05,78,63,0.07,8.33,0,0,48.8,175.4,15.1
2022-07-06,81.6,52.8,0,0,0,0,0.1,241.4,20.7
2022-07-07,89,54.9,0.039,4.17,0,0,17.8,323.1,27.9
2022-07-08,92.2,47.7,0,0,0,0,0,324.6,27.9
2022-07-09,96.2,51.8,0,0,0,0,1.1,318.9,27.4
2022-07-10,94,60.7,0,0,0,0,3.7,318.1,27.4
2022-07-11,95.4,58.7,0,0,0,0,3.3,284.5,24.4
2022-07-12,91.4,57.7,0,0,0,0,10.5,307,26.6
2022-07-13,90.9,56.8,0,0,0,0,5.9,308.2,26.5
2022-07-14,95.2,60.8,0.001,4.17,0,0,15.3,318.3,27.5
2022-07-15,92.1,61.5,0,0,0,0,14.8,309.6,26.5
2022-07-16,94,62.6,0,0,0,0,3.4,285.4,24.6
2022-07-17,97.6,58.2,0,0,0,0,7.5,316.5,27.3
2022-07-18,93.1,64.6,0,0,0,0,17.9,306.8,26.4
2022-07-19,96.2,60,0,0,0,0,1.1,299.6,25.8
2022-07-20,95.8,59.9,0,0,0,0,4.3,275.5,23.8
2022-07-21,98,58,0,0,0,0,8,299.6,25.7
2022-07-22,99.4,56.6,0,0,0,0,0,268.9,23.1
2022-07-23,97.3,65.5,0.018,8.33,0,0,9.9,290.5,25.2
2022-07-24,86.4,65.2,0.061,16.67,0,0,52,168.3,14.4
2022-07-25,84.8,62.6,0.012,4.17,0,0,44.3,283.1,24.6
2022-07-26,81.7,61,0.012,4.17,0,0,45.6,188.2,16.5
2022-07-27,83.9,60.2,0,0,0,0,53.3,199.3,17.4
2022-07-28,81.7,59.2,0.093,12.5,0,0,55.9,215.5,18.5
2022-07-29,74,61.3,0.011,20.83,0,0,85.1,178,15.4
2022-07-30,79.3,59.9,0.117,12.5,0,0,84.3,178.6,15.5
2022-07-31,79.1,59.9,0.001,4.17,0,0,53.3,223.2,19.2
2022-08-01,87.1,60.8,0.058,8.33,0,0,25,260,22.4
2022-08-02,90.9,58.5,0,0,0,0,6.2,284.7,24.6
2022-08-03,93.8,58.8,0,0,0,0,22.3,265.6,22.9
2022-08-04,91,61.2,0.107,16.67,0,0,19.7,279.3,24.1
2022-08-05,86.8,62.6,0.003,8.33,0,0,22.7,249.4,21.7
2022-08-06,90.1,55.9,0,0,0,0,17.2,289.5,25.2
2022-08-07,89.4,60.4,0,0,0,0,15.3,294.9,25.4
2022-08-08,88.3,56.5,0.352,4.17,0,0,20.7,274.3,23.7
2022-08-09,87.2,56.6,0,0,0,0,17.2,235.4,20.6
2022-08-10,86.3,58.5,0.105,8.33,0,0,35.8,232.3,20
2022-08-11,89.1,58.2,0.012,4.17,0,0,27.3,217.3,18.6
2022-08-12,88.7,59,0,0,0,0,22.3,264.4,22.9
2022-08-13,87.6,56.6,0,0,0,0,11.8,283.6,24.5
2022-08-14,89.1,60.5,0,0,0,0,39.6,281.4,24.3
2022-08-15,82,62.3,0.611,25,0,0,39.6,259.5,22.4
2022-08-16,83.1,59.6,0.36,12.5,0,0,25.6,269.5,23.2
2022-08-17,82.7,60.9,0,0,0,0,39.2,284.7,24.7
2022-08-18,83.2,60,0,0,0,0,23.5,231.5,19.9
2022-08-19,77.9,62.6,0,0,0,0,70,143,12.4
2022-08-20,78.6,59.8,0,0,0,0,81.6,142.5,12.4
2022-08-21,79.4,55,0,0,0,0,25.9,211.4,18.1
2022-08-22,83.2,51.7,0,0,0,0,24.2,253.1,21.9
2022-08-23,82.6,53.4,0,0,0,0,9.8,234.9,20.3
2022-08-24,85.5,52.8,0.012,4.17,0,0,22.6,208.9,18
2022-08-25,79.9,60.1,0.024,12.5,0,0,57.2,189.9,16.5
2022-08-26,73.5,57.9,0.577,45.83,0,0,69.8,159.2,13.7
2022-08-27,81.3,51.5,0,0,0,0,2.4,261.1,22.6
2022-08-28,84,51,0,0,0,0,3.4,231.2,19.8
2022-08-29,88.9,49.2,0,0,0,0,2.3,258.8,22.2
2022-08-30,90,55,0,0,0,0,10.4,260.2,22.4
2022-08-31,87.7,61.5,0,0,0,0,11.9,245.6,21.3
2022-09-01,88.8,55.8,0,0,0,0,5.2,249.6,21.7
2022-09-02,93.8,50.3,0,0,0,0,0.1,260.3,22.6
2022-09-03,89,55.2,0,0,0,0,6.2,251.9,21.8
2022-09-04,87.4,50.9,0,0,0,0,0,256.4,22.1
2022-09-05,96.2,51.6,0,0,0,0,0,257.7,22.2
2022-09-06,93.9,54.1,0,0,0,0,2.1,235.8,20.4
2022-09-07,92,53.7,0,0,0,0,0,253.5,21.9
2022-09-08,91.2,51.6,0,0,0,0,0,212.5,18.4
2022-09-09,91.2,51.4,0,0,0,0,4.2,236.7,20.5
2022-09-10,83.1,60.8,0,0,0,0,25.1,200.9,17.3
2022-09-11,84.1,50.7,0,0,0,0,3.8,227,19.6
2022-09-12,84,49.8,0,0,0,0,0,221.3,19
2022-09-13,74.9,56.4,0.024,8.33,0,0,52.1,159,13.6
2022-09-14,66.9,54.7,0.128,37.5,0,0,92,95.3,8.2
2022-09-15,74.6,48.8,0,0,0,0,28.9,246.3,21.4
2022-09-16,78.2,45.2,0,0,0,0,17.6,229.5,19.6
2022-09-17,80.2,45.8,0,0,0,0,4.8,243.7,21
2022-09-18,83.2,42.6,0,0,0,0,0.1,241.6,20.9
2022-09-19,83.9,49,0,0,0,0,16.6,250.2,21.5
2022-09-20,79.3,47.6,0,0,0,0,29.1,120.9,10.5
2022-09-21,68.2,54.2,0.226,29.17,0,0,72.6,76,6.6
2022-09-22,72.3,56.9,0.43,41.67,0,0,67.5,166.8,14.2
2022-09-23,74.2,49.3,0,0,0,0,25.5,236,20.6
2022-09-24,77.3,42.2,0,0,0,0,0,238.1,20.8
2022-09-25,79.2,40.6,0,0,0,0,0.1,233.3,20.3
2022-09-26,79.7,46,0,0,0,0,0.1,241.3,20.8
2022-09-27,80.6,45.4,0,0,0,0,4.9,234.8,20.4
2022-09-28,78.4,47.3,0,0,0,0,18.3,208,18.2
2022-09-29,77.4,49.3,0,0,0,0,23.7,209.8,18.1
2022-09-30,77.2,42.4,0.051,8.33,0,0,27.2,213,18.6
2022-10-01,72.9,50.9,0.01,4.17,0,0,65.5,133.2,11.7
2022-10-02,68,49.4,0.503,45.83,0,0,63.2,155.3,13.3
2022-10-03,64.8,45,0.054,4.17,0,0,22.3,197.9,17
2022-10-04,70.8,39.7,0.03,8.33,0,0,8.7,224,19.4
2022-10-05,65.5,40.6,0.239,16.67,0,0,46.9,129.1,11.1
2022-10-06,65.1,46,0,0,0,0,64.4,166.5,14.3
2022-10-07,68.6,41.5,0.07,4.17,0,0,34.5,231.5,20.2
2022-10-08,68,41.6,0.012,4.17,0,0,24.6,173.8,15.1
2022-10-09,67.7,40.2,0.196,8.33,0,0,24.4,208.5,18
2022-10-10,69.1,38.9,0,0,0,0,5.7,201.8,17.6
2022-10-11,70.3,38.2,0,0,0,0,0,205.5,17.8
2022-10-12,74,36.2,0,0,0,0,0,207.8,18
2022-10-13,74.1,37.4,0,0,0,0,0,204.3,17.7
2022-10-14,71.3,31.7,0,0,0,0,0,206.5,17.8
2022-10-15,72.4,32.1,0,0,0,0,0,202.7,17.5
2022-10-16,63.1,41.3,0.036,16.67,0,0,75.9,94.4,8.1
2022-10-17,61.7,35.5,0,0,0,0,24,198.3,16.9
2022-10-18,65.3,33.9,0,0,0,0,0,189.2,16.3
2022-10-19,70.2,33.4,0,0,0,0,0,190.5,16.5
2022-10-20,69.5,32.5,0,0,0,0,0,192.3,16.4
2022-10-21,68.4,30.8,0,0,0,0,0,184.8,15.8
2022-10-22,69,33.1,0,0,0,0,7,170.9,14.7
2022-10-23,59.1,34.2,0.065,16.67,0,0,75.8,114.3,9.8
2022-10-24,43.8,29,0,0,0.2,0,32.5,187.4,16.1
2022-10-25,53.4,22.6,0,0,0,0,0,183.9,15.7
2022-10-26,58,31.7,0,0,1.2,0.4,31,166,14.3
2022-10-27,45,24.7,0.018,8.33,0.8,1.4,58.9,133.2,11.4
2022-10-28,52.4,18.2,0,0,0,0.1,0,179.3,15.4
2022-10-29,56.9,20.8,0,0,0,0,5.2,169.9,14.6
2022-10-30,57.1,24.4,0,0,0,0,0,163,14.1
2022-10-31,58.4,24.2,0,0,0,0,0,172.3,14.8
2022-11-01,62.1,23.4,0,0,0,0,6.2,137,11.8
2022-11-02,62,38.9,0.012,4.17,0,0,22.5,160.9,13.7
2022-11-03,51,32.4,0.267,45.83,0.8,0.2,89.2,53.6,4.7
2022-11-04,39.9,27.8,0.007,8.33,0.5,0.9,60.7,146.5,12.6
2022-11-05,49.2,22.4,0,0,0,0.1,0,131.8,11.3
2022-11-06,61,29.1,0,0,0,0,32,156.2,13.9
2022-11-07,63.9,37.4,0,0,0,0,0,149.9,12.9
2022-11-08,64.1,40.8,0,0,0,0,0,158,13.6
2022-11-09,59.2,30.3,0.05,12.5,0.8,0.2,46.8,83.4,7.3
2022-11-10,40,19.3,0,0,0.5,0.7,22.4,131.2,11.2
2022-11-11,42.1,16.1,0,0,0,0.6,2.1,155.7,13.5
2022-11-12,45.4,15.8,0,0,0,0,0,140.3,12
2022-11-13,50.3,18.4,0,0,0,0,39.2,103.5,8.8
2022-11-14,41.3,19.4,0,0,0,0.2,8.5,159.7,13.8
2022-11-15,38.9,12.7,0,0,0,0,0,146.9,12.6
2022-11-16,39.3,8.6,0,0,0,0,0,147,12.6
2022-11-17,42.2,11.2,0,0,0,0,0,146.4,12.6
2022-11-18,46.1,14.2,0,0,0,0,1,139.7,12
2022-11-19,43.1,6.7,0,0,0,0,0,142.9,12.4
2022-11-20,43.1,7.5,0,0,0,0,0,143.6,12.4
2022-11-21,45,8.5,0,0,0,0,0,142.8,12.4
2022-11-22,47,10.5,0,0,0,0,0,137.4,11.8
2022-11-23,43,9.4,0,0,0,0,1,118.1,10.2
2022-11-24,48.8,17.6,0,0,0,0,5.8,136.1,11.6
2022-11-25,46.1,11.4,0,0,0,0,0,136.3,11.7
2022-11-26,48.9,16.2,0,0,0,0,19.6,133.8,11.5
2022-11-27,46.1,17.5,0,0,0,0,28.5,133.3,11.6
2022-11-28,47.8,13.2,0,0,0,0,15.4,109.3,9.5
2022-11-29,39.7,9.4,0.012,4.17,0,0,52.7,119.6,10.3
2022-11-30,47.9,4.4,0,0,0,0,0,129.9,11.1
2022-12-01,56.7,16.4,0,0,0,0,3.1,105.8,9.1
2022-12-02,50,24.4,0,0,0,0,53.1,95.5,8.3
2022-12-03,53.9,21.3,0,0,0,0,34.1,73.9,6.4
2022-12-04,52.1,33.4,0.048,16.67,0,0,77,39,3.3
2022-12-05,49.9,31,0.012,4.17,0,0,55.5,72.8,6.5
